ST,ROAD,PC,WARD,PLAN,LOT,CONTRACTOR,BLG_TYPE,MUNICIPALITY,DESCRIPTION,DU,VALUE,FT2,PERMIT,APPL_TYPE,ISSUED_DATE
1015,BANK ST,K1S 3W7,Ward 17,26085,pt 17-18,CONTRACTOR UNKNOWN,Commercial,Old Ottawa,Pedestrian bridge at North Stadium Lansdowne,0,0,0,1400471,Construction,2014-02-03
14,APPLEFORD ST,K1J 6T9,Ward 11,591,71,FIREPLACE CENTRE & PATIO SHOP,Single,Gloucester,Install a wood burning fireplace insert on the 1st floor of a 1 storey detached dwelling,0,1900,0,1400472,Construction,2014-02-03
134,SCENIC LANE,K0A 3M0,Ward 5,688,8,***CONTRACTOR***,Single,West Carleton,Install a woodstove in a 1 storey detached dwelling (main floor),0,7000,0,1400473,Construction,2014-02-03
22,ELMA ST,K1T 3W8,Ward 10,634,41,***CONTRACTOR***,Single,Gloucester,Construct a shed (side yard),0,9000,329,1400474,Construction,2014-02-03
22,DELAWARE AVE,K2P 0Z3,Ward 14,4M-3,60 PT LOT 59,***CONTRACTOR***,Apartment,Old Ottawa,"Interior alterations to a 3 storey apartment building (basement, convert a triplex into a 4 unit apartment building)",1,140000,3600,1400475,Construction,2014-02-03
611,CAPUCHON WAY,K4A 0W2,Ward 19,4M1459,39,MINTO COMMUNITIES INC.,Single,Cumberland,Construct a 2 Storey Single with attached garage  Model: Hudson 2012 D,1,252539,1699,1400476,Construction,2014-02-03
665,EARL ARMSTRONG RD,K1V 2G2,Ward 22,4M1099,,NADFAM HOLDINGS INC TRUSTEE,Retail,Gloucester,"Tenant fit-up in a 1 storey retail building (Entice Hair Salon, Unit 8)",0,50000,1173,1400477,Construction,2014-02-03
22,ISABELLA ST,K1S 1V4,Ward 17,45073,,VERLY CONSTRUCTION GROUP,Retail,Old Ottawa,Tenant fit up in a 1 storey strip mall (LCBO),0,687050,10570,1400478,Construction,2014-02-03
609,CAPUCHON WAY,K4A 0W2,Ward 19,4M1459,40,MINTO COMMUNITIES INC.,Single,Cumberland,Construct a 2 Storey Single with attached garage  Model: Griffin 2011 A,1,253431,1705,1400479,Construction,2014-02-03
701,EAGLESON RD,K2M 2G1,Ward 23,,31,"KASSIS, MARK",Retail,Kanata,Tenant fit up in a 1 storey retail building (Unit 3C - Ray and Ray Takeout),0,35000,1100,1400480,Construction,2014-02-03
716,ANNISETTES RIDGE,,Ward 19,4M1459,76,MINTO COMMUNITIES INC.,Single,Cumberland,Construct a 2 Storey Single with attached garage  Model: Parker 2011 B,1,271119,1824,1400481,Construction,2014-02-03
256,TERRAPIN TERR,,Ward 19,4M1459,79,MINTO COMMUNITIES INC.,Single,Cumberland,Construct a 2 Storey Single with attached garage  Model: Hathaway 4 2007 C,1,321211,2161,1400482,Construction,2014-02-03
414,KILSPINDIE RIDGE,,Ward 22,,13,UNIFORM URBAN DEVELOPMENTS LTD.,Single,Nepean,Construct a 2 Storey Single with attached garage  Model: 3700A Kawartha 2013 A,1,562156,3782,1400483,Construction,2014-02-04
55,LODGE RD,K2C 3H1,Ward 22,,10-11,I3S,Institutional,Nepean,Interior alterations to replace doors and add maglocks on all floors of a 2 storey institutional building (Carleton Lodge),0,12000,100,1400486,Construction,2014-02-04
11,HOLLAND AVE,K1Y 4S1,Ward 15,,,CONTRACTOR UNKNOWN,Mixed,Old Ottawa,"Tenant fit up on the 1st floor of an 8 storey building (CTE Solutions Inc, Units 21, 23)",0,96000,2325,1400487,Construction,2014-02-04
315,SELBY AVE,K1Z 6R2,Ward 15,267,57,CONTRACTOR UNKNOWN,Single,Old Ottawa,Construct a porch (front yard),0,10000,192,1400488,Construction,2014-02-04
501,TERRY FOX DR,K2T 1E8,Ward 4,4M-938,,CLAYBAR CONTRACTING INC.,Retail,Kanata,Interior alterations to a 1 storey retail building (Esso/Tim Hortons),0,100000,254,1400489,Construction,2014-02-04
3280,LEITRIM RD,K1T 3Z4,Ward 22,,,CONTRACTOR UNKNOWN,Institutional,Gloucester,Install a structure on the roof for dehumidifier (Fred Barrett Arena),0,6000,54,1400490,Construction,2014-02-04
36,MORTON DR,K2L 1X1,Ward 23,896,1133,PRO FLOW SERVICES INC.,Single,Kanata,PLUMBING ONLY - Install a Protective Plumbing Device on the building drain,0,0,0,1400491,Construction,2014-02-04
10,BARRA AVE,K2L 2R8,Ward 23,M309,33,PRO FLOW SERVICES INC.,Single,Kanata,PLUMBING ONLY - Install a protective plumbing device on the building drain,0,0,0,1400492,Construction,2014-02-04
3928 F,OLD RICHMOND RD,K2H 5C6,Ward 8,599,,SOLID GENERAL CONTRACTORS INC,Rowhouse,Nepean,Interior alterations to a 2 storey row unit (construct load bearing wall in basement),0,2500,32,1400493,Construction,2014-02-04
114,BANNING RD,K2L 1C2,Ward 23,809,451,PRO FLOW SERVICES INC.,Single,Kanata,PLUMBING ONLY - Install a protective plumbing device on the building drain,0,0,0,1400494,Construction,2014-02-04
1047,CANADIAN SHIELD AVE,K2K 0H4,Ward 4,4M-1325,,1047 CANADIAN SHIELD INC,Commercial,Kanata,"Construct a 10 storey mixed use building (residential apartments, ground floor retail, Building C)",0,27349834,184848,1400495,Construction,2014-02-04
25,MONTEBELLO LANE,K2L 1X5,Ward 23,896,pt Lot 1128,PRO FLOW SERVICES INC.,Single,Kanata,PLUMBING ONLY - Install a Protective Plumbing Device on the building drain,0,0,0,1400496,Construction,2014-02-04
112,ORIOLE AVE,K2L 1E7,Ward 23,900,1241,PRO FLOW SERVICES INC.,Single,Kanata,PLUMBING ONLY - Install a Protective Plumbing Device on the building drain,0,0,0,1400497,Construction,2014-02-04
158,ABBOTSFORD RD,K2L 1C9,Ward 23,773,82,PRO FLOW SERVICES INC.,Single,Kanata,PLUMBING ONLY - Install a Protective Plumbing Device on the building drain,0,0,0,1400498,Construction,2014-02-04
25,SEABROOKE DR,K2L 2H8,Ward 23,M222,1472,PRO FLOW SERVICES INC.,Single,Kanata,PLUMBING ONLY - Install a protective plumbing device on the building drain,0,0,0,1400499,Construction,2014-02-04
25,COUNTRY LANE E,K2L 1H9,Ward 23,809,261,PRO FLOW SERVICES INC.,Single,Kanata,PLUMBING ONLY - Install a Protective Plumbing Device on the building drain,0,0,0,1400500,Construction,2014-02-04
5,WINCHESTER DR,K2L 2C8,Ward 23,4M-222,pt lot1445,PRO FLOW SERVICES INC.,Single,Kanata,PLUMBING ONLY - Install a Protective Plumbing Device on the building drain,0,0,0,1400501,Construction,2014-02-04
1620,SCOTT ST,K1Y 4S7,Ward 15,,,CONTRACTOR UNKNOWN,Commercial,Old Ottawa,"Tenant fit up in a 1 storey commercial building (unit 30, 9 seat Starbucks)",0,150000,1335,1400502,Construction,2014-02-04
1288,SHILLINGTON AVE,K1Z 8A4,Ward 16,315560,3,VIRTUS RENOVATIONS,Single,Old Ottawa,Construct a secondary dwelling unit in a 1 storey detached dwelling,1,43000,1133,1400504,Construction,2014-02-04
27,GLENMORISTON AVE,K2L 2S3,Ward 23,4M-350,,PRO FLOW SERVICES INC.,Single,Kanata,PLUMBING ONLY - Install a Protective Plumbing Device on the building drain,0,0,0,1400505,Construction,2014-02-04
301,BRETTONWOOD RIDGE,,Ward 4,,65,MINTO COMMUNITIES INC.,Single,Kanata,Construct a 2 Storey Single with attached garage  Model: Bedford 2013 B,1,284348,1913,1400506,Construction,2014-02-04
365,BRETTONWOOD RIDGE,,Ward 4,,55,MINTO COMMUNITIES INC.,Single,Kanata,Construct a 2 Storey Single with attached garage  Model: Bedford 2013 B,1,284348,1913,1400507,Construction,2014-02-04
101,CENTREPOINTE DR,K2G 5K7,Ward 8,,pt 34,CONTRACTOR UNKNOWN,Office,Nepean,"Interior alterations to the library room (Ben Franklin Place, Ottawa Public Library)",0,48000,0,1400508,Construction,2014-02-05
1000,PALLADIUM DR,K2V 1A4,Ward 6,4M-818,,TERLIN CONSTRUCTION LTD.,Commercial,Kanata,Tenant fit-up on the main floor of a 4 storey complex (Sens Foundation),0,120000,1894,1400509,Construction,2014-02-05
1200,ST. LAURENT BLVD,K1K 3B8,Ward 13,747,,SAJO CONSTRUCTION,Retail,Old Ottawa,"Tenant fit up in a 2 storey retail building (Unit 104, Aldo Accessories, St. Laurent Shopping Centre)",0,100000,635,1400510,Construction,2014-02-05
66,WOODROFFE AVE,K2A 3T6,Ward 7,380,pt 1,"GONGORA MILLA, FIDEL",Semi - Detached,Old Ottawa,"Interior alterations in a 3 storey semi detached dwelling (remove load bearing wall, kitchen renovation)",0,23000,45,1400512,Construction,2014-02-05
344,ISLAND PARK DR,K1Y 0A8,Ward 15,400,58,KELSA CONSTRUCTION,Demolition,Old Ottawa,Demolish a detached garage (rear yard),0,500,-194,1400513,Demolition,2014-02-05
344,ISLAND PARK DR,K1Y 0A8,Ward 15,400,58,KELSA CONSTRUCTION,Detached Garage/Shed,Old Ottawa,Construct a detached garage (rear yard),0,18000,420,1400514,Construction,2014-02-05
2409,"PAGE, CHEMIN",,Ward 2,,PT LOT 5,***CONTRACTOR***,Single,Gloucester,Construct a secondary dwelling unit in a 3 storey detached dwelling (3rd floor),1,7500,120,1400515,Construction,2014-02-05
197,GREY FOX DR,K0A 1L0,Ward 5,4M-908,34,***CONTRACTOR***,Single,West Carleton,Finish basement in a 1 storey detached dwelling,0,25000,1192,1400516,Construction,2014-02-05
1122,WELLINGTON ST W,K1Y 2Y7,Ward 15,4M-16,PT LOTS 1 & 2,CONTRACTOR UNKNOWN,Office,Old Ottawa,Tenant fit-up in a 2 storey office building (Canadian Dental Hygienists Association),0,100000,6028,1400517,Construction,2014-02-05
3030,CONROY RD,K1G 6C2,Ward 10,,pt A,APOLLO PROPERTY MANAGEMENT,Office,Old Ottawa,Tenant fit up in a 2 storey office building (Siemens Canada),0,250666,7972,1400519,Construction,2014-02-05
352,DALY AVE,K1N 6G9,Ward 12,6,39,STUDIO S INTERIORS INC.,Single,Old Ottawa,Interior alterations to a 2 storey detached dwelling (all floors),0,17500,388,1400520,Construction,2014-02-05
1800,ST. LAURENT BLVD,K1G 1A2,Ward 18,,,CONTRACTOR UNKNOWN,Commercial,Old Ottawa,"Base building work. New exterior wall openings in the left and front elevations, for new windows. (New Body Dimensions Fitness Studio)",0,20000,100,1400521,Construction,2014-02-05
700,SUSSEX DR,K1N 1K4,Ward 12,4M-42482,PT LOT B,THOMAS FULLER CONSTRUCTION CO. LIMITED,Mixed,Old Ottawa,"Tenant fit up on the 1st floor of a 7 storey mixed use building (Scotiabank, Unit 3)",0,450000,4865,1400522,Construction,2014-02-05
50,RIDEAU ST,K1N 9J7,Ward 12,3922,,CONTRACTOR UNKNOWN,Commercial,Old Ottawa,PARTIAL PERMIT:  new elevator lobby addition on P1 and P2 levels of the Blue Garage (within Daly Avenue underpass),0,0,0,1400523,Construction,2014-02-05
200,CHAPERAL PRIV,,Ward 19,,,TAMARACK DEVELOPMENTS CORPORATION,Rowhouse,Cumberland,Construct a 3 storey block of 15 rowhouse dwellings,15,2600387,24189,1400524,Construction,2014-02-05
202,CHAPERAL PRIV,,Ward 19,,,TAMARACK DEVELOPMENTS CORPORATION,Rowhouse,Cumberland,Construct a 3 storey block of 15 rowhouse dwellings,15,2600387,24189,1400524,Construction,2014-02-05
204,CHAPERAL PRIV,,Ward 19,,,TAMARACK DEVELOPMENTS CORPORATION,Rowhouse,Cumberland,Construct a 3 storey block of 15 rowhouse dwellings,15,2600387,24189,1400524,Construction,2014-02-05
206,CHAPERAL PRIV,,Ward 19,,,TAMARACK DEVELOPMENTS CORPORATION,Rowhouse,Cumberland,Construct a 3 storey block of 15 rowhouse dwellings,15,2600387,24189,1400524,Construction,2014-02-05
208,CHAPERAL PRIV,,Ward 19,,,TAMARACK DEVELOPMENTS CORPORATION,Rowhouse,Cumberland,Construct a 3 storey block of 15 rowhouse dwellings,15,2600387,24189,1400524,Construction,2014-02-05
210,CHAPERAL PRIV,,Ward 19,,,TAMARACK DEVELOPMENTS CORPORATION,Rowhouse,Cumberland,Construct a 3 storey block of 15 rowhouse dwellings,15,2600387,24189,1400524,Construction,2014-02-05
212,CHAPERAL PRIV,,Ward 19,,,TAMARACK DEVELOPMENTS CORPORATION,Rowhouse,Cumberland,Construct a 3 storey block of 15 rowhouse dwellings,15,2600387,24189,1400524,Construction,2014-02-05
214,CHAPERAL PRIV,,Ward 19,,,TAMARACK DEVELOPMENTS CORPORATION,Rowhouse,Cumberland,Construct a 3 storey block of 15 rowhouse dwellings,15,2600387,24189,1400524,Construction,2014-02-05
216,CHAPERAL PRIV,,Ward 19,,,TAMARACK DEVELOPMENTS CORPORATION,Rowhouse,Cumberland,Construct a 3 storey block of 15 rowhouse dwellings,15,2600387,24189,1400524,Construction,2014-02-05
218,CHAPERAL PRIV,,Ward 19,,,TAMARACK DEVELOPMENTS CORPORATION,Rowhouse,Cumberland,Construct a 3 storey block of 15 rowhouse dwellings,15,2600387,24189,1400524,Construction,2014-02-05
220,CHAPERAL PRIV,,Ward 19,,,TAMARACK DEVELOPMENTS CORPORATION,Rowhouse,Cumberland,Construct a 3 storey block of 15 rowhouse dwellings,15,2600387,24189,1400524,Construction,2014-02-05
222,CHAPERAL PRIV,,Ward 19,,,TAMARACK DEVELOPMENTS CORPORATION,Rowhouse,Cumberland,Construct a 3 storey block of 15 rowhouse dwellings,15,2600387,24189,1400524,Construction,2014-02-05
224,CHAPERAL PRIV,,Ward 19,,,TAMARACK DEVELOPMENTS CORPORATION,Rowhouse,Cumberland,Construct a 3 storey block of 15 rowhouse dwellings,15,2600387,24189,1400524,Construction,2014-02-05
226,CHAPERAL PRIV,,Ward 19,,,TAMARACK DEVELOPMENTS CORPORATION,Rowhouse,Cumberland,Construct a 3 storey block of 15 rowhouse dwellings,15,2600387,24189,1400524,Construction,2014-02-05
228,CHAPERAL PRIV,,Ward 19,,,TAMARACK DEVELOPMENTS CORPORATION,Rowhouse,Cumberland,Construct a 3 storey block of 15 rowhouse dwellings,15,2600387,24189,1400524,Construction,2014-02-05
566,EGRET WAY,K2J 0E3,Ward 3,4M-1471,46,TAMARACK DEVELOPMENTS CORPORATION,Single,Nepean,Construct a 2 storey detached dwelling,1,472824,3181,1400525,Construction,2014-02-05
1545,CARLING AVE,K1Z 8P9,Ward 15,42,pt 12-13,CORNERSTONE BUILDERS LTD.,Office,Old Ottawa,"Tenant fit up on the 7th floor of an 8 storey office building (3M Canada, unit 700)",0,167110,6189,1400526,Construction,2014-02-05
32,PENTLAND CRES,K2K 1V5,Ward 4,786,101,7 J DESIGN,Single,Kanata,Interior alterations to renovate the kitchen in a 2 storey detached dweliing,0,50000,200,1400528,Construction,2014-02-06
21,GEORGE ST,K1N 8W5,Ward 12,4M-,"H,N,O,1-3,1-5",CONTRACTOR UNKNOWN,Mixed,Old Ottawa,Interior alterations to the basement level and 1st floor of a 2 storey restaurant (the Courtyard),0,50000,161,1400529,Construction,2014-02-06
110,PLACE D'ORLEANS DR,K1C 2L9,Ward 1,,37,CIBS GROUP,Retail,Cumberland,"Tenant fit-up on the 2nd floor of a 2 storey retail building ( Valentine,  Unit 2220)",0,40000,250,1400530,Construction,2014-02-06
544,GILMOUR ST,K1R 5L6,Ward 14,30671,22A,CONTRACTOR UNKNOWN,Demolition,Old Ottawa,Demolish a 3 storey 6-unit dwelling (fire damage),-6,65000,-5000,1400531,Demolition,2014-02-06
546,GILMOUR ST,K1R 5L6,Ward 14,30671,22A,CONTRACTOR UNKNOWN,Demolition,Old Ottawa,Demolish a 3 storey 6-unit dwelling (fire damage),-6,65000,-5000,1400531,Demolition,2014-02-06
2150,ROBERTSON RD,K2H 9S1,Ward 8,,35,2387283 ONTARIO INC,Retail,Nepean,"Tenant Fit-up in a 1 storey retail building (Unit #5, Pure Element of Design)",0,25000,1300,1400532,Construction,2014-02-06
1053,CARLING AVE,K1Y 4E9,Ward 15,135079,,JUMEC CONSTRUCTION INC.,Institutional,Old Ottawa,Interior alterations on the 4th floor of a 8 storey hospital (Civic Hospital),0,600000,8482,1400533,Construction,2014-02-06
4273,NAVAN RD,K4B 1H9,Ward 19,,pt lot 8,***CONTRACTOR***,Demolition,Cumberland,Demolish a storage shed,0,1000,-1500,1400534,Demolition,2014-02-06
2639,COWELL RD,K0A 2T0,Ward 21,,1,THE FIREPLACE CENTRE,Single,Rideau,Install a woodstove in a 1 storey detached dwelling,0,5100,0,1400535,Construction,2014-02-06
770,BROADVIEW AVE,K2A 3Z3,Ward 15,,29,MB FORD CONSTRUCTION LTD.,Office,Old Ottawa,Interior alterations in the basement of a 3 storey office building (Gamma-Dynacare),0,95000,1350,1400536,Construction,2014-02-06
432,KILSPINDIE RIDGE,,Ward 22,,4,UNIFORM URBAN DEVELOPMENTS,Single,Nepean,Construct a 1 Storey Single with attached garage  Model: 1900F Hartsmere 2013,1,297280,2000,1400537,Construction,2014-02-06
20,CLAREMONT DR,K1K 4J5,Ward 13,533,,"LECLAIR, DARREN",Rowhouse,Old Ottawa,Interior alterations on the 1st floor of a 2 storey rowhouse to repair floor joists,0,15000,500,1400538,Construction,2014-02-06
426,KILSPINDIE RIDGE,,Ward 22,,7,UNIFORM URBAN DEVELOPMENTS LTD.,Single,Nepean,Construct a 2 Storey Single with attached garage  Model: 3400C Killarney 2013,1,534830,3598,1400539,Construction,2014-02-06
275,SUSSEX DR,K1N 6Z1,Ward 12,3,1,TOMLINSON DEVELOPMENT CORPORATION,Demolition,Old Ottawa,Demolish two 1 storey summer kitchens at the rear of a 3 door row,0,4000,-480,1400542,Demolition,2014-02-06
277,SUSSEX DR,K1N 6Z1,Ward 12,3,1,TOMLINSON DEVELOPMENT CORPORATION,Demolition,Old Ottawa,Demolish two 1 storey summer kitchens at the rear of a 3 door row,0,4000,-480,1400542,Demolition,2014-02-06
279,SUSSEX DR,K1N 6Z1,Ward 12,3,1,TOMLINSON DEVELOPMENT CORPORATION,Demolition,Old Ottawa,Demolish two 1 storey summer kitchens at the rear of a 3 door row,0,4000,-480,1400542,Demolition,2014-02-06
3771,SPRATT RD,K1V 2P3,Ward 22,,pt lot 18-19,GENERAL UNITED CONTRACTING,Retail,Gloucester,"Tenant fit-up in a 1 storey mixed use building (The Pet Shoppe, unit 4, Building D)",0,48308,1300,1400543,Construction,2014-02-06
3638,RIVER RD,K4M 1B4,Ward 20,,PT LOT 33,***CONTRACTOR***,Single,Osgoode,"Construct a 1 storey addition, a covered porch and a deck at the rear of a 1 storey detached dwelling",0,15775,548,1400544,Construction,2014-02-06
74,FULTON AVE,K1S 4Y8,Ward 17,36,5,ABELAN DESIGNER/BUILDER LTD.,Single,Old Ottawa,Interior alterations in a 2 storey detached dwelling and creation of a secondary dwelling unit in the basement,1,200000,2798,1400545,Construction,2014-02-06
6731,FRANKTOWN RD,K0A 2Z0,Ward 21,,pt lot 19,TOP HAT HOME COMFORT SERVICES,Single,Goulbourn,Install a wood insert in a 2 storey detached dwelling (main floor),0,4050,0,1400546,Construction,2014-02-07
301,BOBOLINK RIDGE,,Ward 6,,83,DCR PHOENIX DEVELOPMENT CORPORATION LIMITED,Single,Goulbourn,Construct a 2 Storey Single with attached garage  Model: Rosemere 2012 E,1,341277,2296,1400547,Construction,2014-02-07
275,TARTAN DR,,Ward 3,,pt 15,CONTRACTOR UNKNOWN,Mixed,Nepean,FOUNDATION & SUPERSTRUCTURE ONLY - 5 storey retirement complex with 1 level underground parking,145,23992403,188536,1400548,Construction,2014-02-07
119,CALVINGTON AVE,,Ward 4,,,MINTO COMMUNITIES INC.,Rowhouse,Kanata,"Construct a 2 Storey Rowhouse with attached garages  Models: Astoria 2010 B,Hampton 2010 A,Greenwich 2010 D End Unit,Mulberry 2010 C,Hampton 2010 A",5,822498,7378,1400549,Construction,2014-02-07
121,CALVINGTON AVE,,Ward 4,,,MINTO COMMUNITIES INC.,Rowhouse,Kanata,"Construct a 2 Storey Rowhouse with attached garages  Models: Astoria 2010 B,Hampton 2010 A,Greenwich 2010 D End Unit,Mulberry 2010 C,Hampton 2010 A",5,822498,7378,1400549,Construction,2014-02-07
123,CALVINGTON AVE,,Ward 4,,,MINTO COMMUNITIES INC.,Rowhouse,Kanata,"Construct a 2 Storey Rowhouse with attached garages  Models: Astoria 2010 B,Hampton 2010 A,Greenwich 2010 D End Unit,Mulberry 2010 C,Hampton 2010 A",5,822498,7378,1400549,Construction,2014-02-07
125,CALVINGTON AVE,,Ward 4,,,MINTO COMMUNITIES INC.,Rowhouse,Kanata,"Construct a 2 Storey Rowhouse with attached garages  Models: Astoria 2010 B,Hampton 2010 A,Greenwich 2010 D End Unit,Mulberry 2010 C,Hampton 2010 A",5,822498,7378,1400549,Construction,2014-02-07
127,CALVINGTON AVE,,Ward 4,,,MINTO COMMUNITIES INC.,Rowhouse,Kanata,"Construct a 2 Storey Rowhouse with attached garages  Models: Astoria 2010 B,Hampton 2010 A,Greenwich 2010 D End Unit,Mulberry 2010 C,Hampton 2010 A",5,822498,7378,1400549,Construction,2014-02-07
1200,ST. LAURENT BLVD,K1K 3B8,Ward 13,747,,CONTRACTOR UNKNOWN,Retail,Old Ottawa,"Interior alterations on the main floor in a 2 storey retail building (TD Canada Trust, St. Laurent Mall)",0,250000,450,1400550,Construction,2014-02-07
44,BARRA AVE,K2L 2S1,Ward 23,M-309,58,ADVANTAGE ENTERPRISES,Single,Kanata,"Exterior alterations to the 1st floor of a 2 storey detached dwelling (rear, install patio door)",0,2000,6,1400551,Construction,2014-02-07
22,FELDSPAR CRES,K2S 1Y3,Ward 6,4M-1084,122,THE RENOVATOR,Single,Goulbourn,Finish the basement in a 2 storey detached dwelling,0,18060,486,1400552,Construction,2014-02-07
184,KINCARDINE DR,K2V 1C5,Ward 23,4M-1081,,PRO FLOW SERVICES INC.,Single,Kanata,PLUMBING ONLY - Install a protective plumbing device on the building drain,0,0,0,1400553,Construction,2014-02-07
1799,RIVERSIDE DR,K1G 0E5,Ward 17,5R13166,15,REBELO CONSTRUCTION & DEVELOPMENT - 2285023 ONTARIO INC,Industrial,Old Ottawa,Railing repair at the Smyth Transitway Station,0,10000,151,1400554,Construction,2014-02-07
33,CANDOW CRES,K2S 1K7,Ward 6,4M-864,68,"SLATER, MARK",Single,Goulbourn,Interior alterations in the basement of a 2 storey detached dwelling,0,7500,90,1400555,Construction,2014-02-07
6349,HERBERTS CORNERS RD,K4P 1H3,Ward 20,,15,***CONTRACTOR***,Detached Garage/Shed,Osgoode,Construct a 1 storey cover-all building (rear yard),0,13000,2520,1400556,Construction,2014-02-07
41,PEACOCK CRES,K2J 3P8,Ward 3,4M-549,pt 72,***CONTRACTOR***,Single,Nepean,Interior alterations on the 1st floor of a 2 storey detached dwelling (removal of load bearing walls),0,3500,108,1400557,Construction,2014-02-07
100,QUEEN ST,K1P 1J9,Ward 14,3922,14-21,"GIAMBERARDINO CONTRACTING INC.,",Office,Old Ottawa,Interior alterations on the 3rd floor of a 16 storey building (Credit Union Central of Canada),0,40000,2745,1400558,Construction,2014-02-07
124,MARSHFIELD ST,K4A 4N1,Ward 19,4M-1143,59,"FLEURY, SYLVAIN",Single,Cumberland,Exterior alterations to a 2 storey detached dwelling,0,1000,0,1400559,Construction,2014-02-07
350,LEGGET DR,K2K 2W7,Ward 4,M-280,,CONTRACTOR UNKNOWN,Office,Kanata,Tenant fit-up on the 3rd floor of a 6 storey office building (Mitel),0,630000,39073,1400560,Construction,2014-02-07
7,FESTIVE PRIV,K2C 4A1,Ward 16,4M-970,,***CONTRACTOR***,Single,Old Ottawa,Interior alterations to the basement of a 2 storey rowhouse,0,5000,164,1400561,Construction,2014-02-10
420,LOCKMASTER CRES,K4M 1L8,Ward 21,4M-1249,11,GEMLIE POOLS,Single,Nepean,Install an enclosure for an inground pool (rear yard),0,0,0,1400563,Pool Enclosure,2014-02-10
3143,PARK LANE,K1T 3S9,Ward 10,,11,MERIDIAN ENVIRONMENTAL,Demolition,Gloucester,Demolish  a 2 storey detached dwelling,-1,5000,-1173,1400564,Demolition,2014-02-10
2839,ROBERTSON RD,K2L 4G2,Ward 8,,,MERIDIAN ENVIRONMENTAL,Demolition,Nepean,Demolish a 2 storey detached dwelling,-1,15000,-1700,1400565,Demolition,2014-02-10
3182,PARK LANE,K1T 3T1,Ward 10,557,,MERIDIAN ENVIRONMENTAL,Demolition,Gloucester,Demolish a 1 storey detached dwelling,-1,5000,-1000,1400566,Demolition,2014-02-10
1400,ST. LAURENT BLVD,K1K 4H4,Ward 13,747,,SOURCE FOUR CONSTRUCTION LTD.,Office,Old Ottawa,"Tenant fit up on the 2nd, 3rd and a portion of the 4th floor of a 6 storey office building",0,325000,13000,1400568,Construction,2014-02-10
2745,IRIS ST,K2C 3V5,Ward 8,,,CONTRACTOR UNKNOWN,Office,Old Ottawa,Construction of a secure storage room on the 2nd floor of a 6 storey office building,0,20000,860,1400569,Construction,2014-02-10
939,ST. LAURENT BLVD,K1K 3B1,Ward 13,26,19,CONTRACTOR UNKNOWN,Retail,Old Ottawa,Construct two additions at the front of a 2 storey car dealership (Surgernor Chevrolet Cadillac),0,10219,110,1400570,Construction,2014-02-10
1600,HERON RD,K1V 2P5,Ward 18,31,34-35,CONTRACTOR UNKNOWN,Retail,Old Ottawa,Construct a 1 storey retail building (BLD A5-A6),0,2304989,22556,1400571,Construction,2014-02-10
1600,HERON RD,K1V 2P5,Ward 18,31,34-35,LAURIN GENERAL CONTRACTING,Retail,Old Ottawa,Construct a 1 storey retail building (BLD A5-A6),0,2304989,22556,1400571,Construction,2014-02-10
16,CORLEY PRIV,K1V 8T7,Ward 10,4M-628,,***CONTRACTOR***,Rowhouse,Old Ottawa,Interior alterations in the basement of a 2 storey rowhouse (washroom),0,5000,35,1400572,Construction,2014-02-10
162,HARMATTAN AVE,K2S 0G3,Ward 6,4M-1323,,***CONTRACTOR***,Single,Goulbourn,Finish the basement in a 1 storey detached dwelling,0,11148,300,1400573,Construction,2014-02-10
150,KENT ST,K1P 0B2,Ward 14,3922,18-21,CASSIDY CONSTRUCTION,Office,Old Ottawa,"Tenant fit up to the 2nd, 3rd, 5th, 7th and 8th floors of a 19 storey office building",0,187473,7374,1400574,Construction,2014-02-10
4055,CARLING AVE,K2K 2A4,Ward 4,4R18715,pt lot 6,PETE RICHER CONSULTING,Retail,Kanata,Tenant fit up on the 1st floor of a one storey retail building (Voila Bakery),0,21000,1092,1400575,Construction,2014-02-10
20  -802,DRIVEWAY (THE),K2P 1C8,Ward 14,72,,***CONTRACTOR***,Apartment,Old Ottawa,Interior alterations (plumbing)  for a new washer installation in condo unit #802.,0,3000,2,1400576,Construction,2014-02-10
275,SLATER ST,K1P 5H9,Ward 14,3922,27 to 31,CONTRACTOR UNKNOWN,Office,Old Ottawa,Tenant fit up on the 15th floor of a 19 storey office building,0,40000,1152,1400577,Construction,2014-02-10
4687,RUISSELLET RD,K4B 1J1,Ward 19,,PT W 1/2 LOT 18,***CONTRACTOR***,Single,Cumberland,Install a woodstove in a detached garage,0,2800,0,1400579,Construction,2014-02-10
50,RIDEAU ST,K1N 9J7,Ward 12,3922,10-67,CONTRACTOR UNKNOWN,Retail,Old Ottawa,Tenant fit up on the 3rd floor of a 3 storey retail building (Gymboree - Rideau Centre),0,60000,1679,1400580,Construction,2014-02-10
6730,CHRIS TIERNEY PRIV,K4P 1H4,Ward 20,,S PT LOT 15,2318970 ONTARIO INC.,Single,Osgoode,Construct a 1 storey detached dwelling (foundation for prefab home only),1,20000,1457,1400581,Construction,2014-02-10
1417,ALBORO CRES,K1J 8B8,Ward 11,854,315,***CONTRACTOR***,Single,Gloucester,Finish the basement in a 1 storey detached dwelling,0,21813,587,1400582,Construction,2014-02-10
1913,CEDARLAKES WAY,K4P 0E4,Ward 20,4M-1479,6,D.G. DEVELOPMENTS INC.,Single,Osgoode,Construct a 1 storey detached dwelling,1,460338,4252,1400583,Construction,2014-02-11
288,OLD QUARRY RD,K0A 3M0,Ward 5,548,3,***CONTRACTOR***,Single,West Carleton,Construct a 1 storey detached dwelling,1,319948,3120,1400584,Construction,2014-02-11
300,SLATER ST,K1P 6A6,Ward 14,3922,27-30,CONTRACTOR UNKNOWN,Office,Old Ottawa,Tenant fit-up on the 10th floor of a 20 storey office building (PWGSC),0,453000,13896,1400585,Construction,2014-02-11
365,WINSTON AVE,,Ward 15,4M-179,PT LOT 20,FALSETTO HOMES,Semi - Detached,Old Ottawa,Construct a 2 storey semi-detached dwelling,2,407560,3567,1400586,Construction,2014-02-11
367,WINSTON AVE,,Ward 15,4M-179,PT LOT 20,FALSETTO HOMES,Semi - Detached,Old Ottawa,Construct a 2 storey semi-detached dwelling,2,407560,3567,1400586,Construction,2014-02-11
369,WINSTON AVE,K2A 1Y7,Ward 15,179,20,FALSETTO HOMES,Demolition,Old Ottawa,Demolish a 1 storey detached dwelling,-1,5000,-1200,1400587,Demolition,2014-02-11
80,HINES RD,K2K 2T8,Ward 4,,PT LOT 8,CONTRACTOR UNKNOWN,Office,Kanata,"Tenant fit-up in a 1 storey office building (Check Point Software, Unit 100)",0,468144,14531,1400589,Construction,2014-02-11
1343,MEADOWLANDS DR E,K2E 7E8,Ward 9,588810,,ALTI CONSTRUCTION LTD,Other,Nepean,Interior/exterior alterations relating to structural repairs on the 2nd and 3rd level of a 3 storey parking garage (Phase 3),0,664000,26911,1400590,Construction,2014-02-11
15,BERNIER TERR,K2L 2V1,Ward 23,4M-352,58,ODERKIRK RENOVATIONS INC,Single,Kanata,Interior alterations to remove a load bearing wall on the 1st floor of a 2 storey detached dwelling,0,13000,15,1400591,Construction,2014-02-11
400,EARL GREY DR,K2T 1B9,Ward 4,4M-941,,SKARLAN ENTERPRISES LTD.,Retail,Kanata,Interior alterations to remove demising wall to combine two units into 1 (B10-B11 - Sports 4),0,30000,548,1400592,Construction,2014-02-11
891,JINKINSON RD,,Ward 21,,14,R.W. TOMLINSON LIMITED,Industrial,Goulbourn,"Construct seven industrial buildings for concrete plant (maintenance building, pump house, weigh station, mechanical building and 3 AgBin sheds)",0,1476028,17365,1400593,Construction,2014-02-11
1902,ROBERTSON RD,K2H 5B8,Ward 8,379443,pt 35,MD HOME IMPROVEMENT,Retail,Nepean,"Interior alterations to the 1st floor of a 2 storey retail building (Paradise Spa & Tanning, Unit 106)",0,30000,851,1400594,Construction,2014-02-11
1033,MAITLAND AVE,K2C 2B8,Ward 8,312,35,OTTAWA GENERAL CONTRACTORS,Retail,Old Ottawa,Tenant fit up in a 1 storey retail building (Take-Out Restaurant),0,53167,101,1400595,Construction,2014-02-11
19,BENSON ST,K2E 5J6,Ward 9,289002,pt 150 151,***CONTRACTOR***,Single,Nepean,Exterior alterations to a 2 storey detached dwelling (front entrance canopy),0,5000,32,1400596,Construction,2014-02-11
3091,STRANDHERD DR,K2G 4R9,Ward 22,,pt 14,CONTRACTOR UNKNOWN,Office,Nepean,Tenant fit-up for a medical office which is part of the adjoining drug store tenancy.,0,80000,1823,1400597,Construction,2014-02-11
3091,STRANDHERD DR,K2G 4R9,Ward 22,,,CONTRACTOR UNKNOWN,Retail,Nepean,"Tenant fit up for a drug store that is 1 portion of a combined medical clinic/ drug store tenancy  (Guardian Pharmacy, unit 7)",0,228500,3219,1400598,Construction,2014-02-11
1000,WELLINGTON ST W,K1Y 2X9,Ward 15,111,PT LOTS A & B,CONTRACTOR UNKNOWN,Apartment,Old Ottawa,Construct a 6 storey mixed use building with underground parking,0,7025702,51718,1400599,Construction,2014-02-11
71,GLEN AVE,K1S 2Z8,Ward 17,115,12,***CONTRACTOR***,Single,Old Ottawa,Interior/exterior alterations to enlarge windows on the 1st and 2nd floor of a 2 storey detached dwelling,0,5000,22,1400600,Construction,2014-02-11
187,BILLINGS AVE,K1H 5K8,Ward 18,600,16,GEMSTONE DEVELOPMENTS,Single,Old Ottawa,Interior/exterior alterations to remove 2 storey additions at the side and rear of a 2 storey detached dwelling,0,7000,100,1400601,Construction,2014-02-11
12,HENFIELD AVE,K2J 1J8,Ward 3,M189,pt 19,"CAISSIE, RENE",Single,Nepean,Construct an addition and interior alterations to a 2 storey detached dwelling,0,14513,64,1400602,Construction,2014-02-11
535,BRETBY CRES,K2J 5P9,Ward 3,4M-1449,36,***CONTRACTOR***,Single,Nepean,Finish basement in a 2 storey detached dwelling,0,33444,900,1400603,Construction,2014-02-11
361,TWEEDSMUIR AVE,K1Z 5N3,Ward 15,263,11,"CASSIDY, SEAN",Single,Old Ottawa,Construct an addition and a front porch to a detached dwelling,0,43052,356,1400604,Construction,2014-02-12
1420,BLAIR PL,K1J 9L8,Ward 11,,,CONTRACTOR UNKNOWN,Office,Gloucester,Interior alterations on the 8th floor of a 8 storey office building,0,100000,12300,1400605,Construction,2014-02-12
451,SMYTH RD,K1H 8M5,Ward 18,405,pt 1,CONTRACTOR UNKNOWN,Institutional,Old Ottawa,"Door and hardware installations on the 2nd, 3rd and 4th floors of a 5 storey university building (University of Ottawa)",0,100000,100,1400606,Construction,2014-02-12
6365,LARMOND AVE,K1C 2J9,Ward 2,4M-240,83,***CONTRACTOR***,Single,Gloucester,Install an enclosure for an above ground pool (rear yard),0,0,0,1400607,Pool Enclosure,2014-02-12
170,TUNNEY'S PASTURE DRWY,,Ward 15,396,34-36,CONTRACTOR UNKNOWN,Office,Old Ottawa,Interior alterations on the ground floor of an 8 storey office building,0,38600,2368,1400608,Construction,2014-02-12
150,TUNNEY'S PASTURE DRWY,K1A 0T6,Ward 15,4M-396,PT LOT 34 35 36,CONTRACTOR UNKNOWN,Office,Old Ottawa,"Interior alterations on the 2nd floor of a 4 storey office building (Statistics Canada, Wing 2700, construct kitchen)",0,41400,215,1400609,Construction,2014-02-12
84,YELLOWTAIL WALK,K2V 0B7,Ward 6,,51,DCR PHOENIX DEVELOPMENT CORPORATION LIMITED,Single,Goulbourn,Construct a 2 Storey Single with attached garage  Model: 35-4 2009 A 4 bdrm alt,1,363573,2446,1400610,Construction,2014-02-12
1602,TELESAT CRT,K1B 1B1,Ward 11,,pt 21,ARK CONSTRUCTION LTD.,Office,Gloucester,Interior/Exterior alterations to a 4 storey office building (Children's Aid Society of Ottawa),0,1499226,17007,1400611,Construction,2014-02-12
124,THIRD AVE,K1S 2K1,Ward 17,44183,pt 42,TONY D'ANGELO CONSTRUCTION LTD,Single,Old Ottawa,Construct a 2 storey addition at the rear of a 2 storey detached dwelling,0,35376,238,1400612,Construction,2014-02-12
607,CAPUCHON WAY,K4A 0W2,Ward 19,4M1459,41,MINTO COMMUNITIES INC.,Single,Cumberland,Construct a 2 Storey Single with attached garage  Model: Griffin 2011 B,1,254917,1715,1400613,Construction,2014-02-12
450,CAVESSON ST,K2V 0B8,Ward 6,,30,DCR PHOENIX DEVELOPMENT CORPORATION LIMITED,Single,Goulbourn,Construct a 2 Storey Single with attached garage  Model: 509 Annapolis 2012 Elevation F,1,550116,3701,1400614,Construction,2014-02-12
603,CAPUCHON WAY,K4A 0W2,Ward 19,4M1459,43,MINTO COMMUNITIES INC.,Single,Cumberland,Construct a 2 Storey Single with attached garage  Model: Griffin 2011 A,1,253431,1705,1400615,Construction,2014-02-12
605,CAPUCHON WAY,K4A 0W2,Ward 19,4M1459,42,MINTO COMMUNITIES INC.,Single,Cumberland,Construct a 2 Storey Single with attached garage  Model: Hudson 2012 B,1,253133,1703,1400616,Construction,2014-02-12
729,GLADSTONE AVE,K1R 6X2,Ward 14,4M-3459,PT LOT 141,"MAY, ROSS",Mixed,Old Ottawa,Tenant fit up on the 1st floor of a 2 storey mixed use building (Seed to Sausage General Store),0,35000,595,1400617,Construction,2014-02-12
454,CAVESSON ST,K2V 0B8,Ward 6,,28,DCR PHOENIX DEVELOPMENT CORPORATION LIMITED,Single,Goulbourn,Construct a 2 Storey Single with attached garage  Model: Plantina 2012 E,1,518456,3488,1400618,Construction,2014-02-12
130,STANLEY AVE,K1M 1N9,Ward 13,17,7,***CONTRACTOR***,Single,Old Ottawa,"Construct a 2nd storey addition, finish the basement and alterations on the 1st floor to convert a 1 storey detached dwelling into a 2 storey semi detached dwelling",1,360797,4710,1400620,Construction,2014-02-12
132,STANLEY AVE,K1M 1N9,Ward 13,17,7,***CONTRACTOR***,Single,Old Ottawa,"Construct a 2nd storey addition, finish the basement and alterations on the 1st floor to convert a 1 storey detached dwelling into a 2 storey semi detached dwelling",1,360797,4710,1400620,Construction,2014-02-12
6305,HAZELDEAN RD,K2S 0T2,Ward 6,,,CONTRACTOR UNKNOWN,Retail,Goulbourn,Tenant fit-up on the first floor of a 1 storey retail building (A & W Restaurant - Bldg A1 only),0,200000,1805,1400621,Construction,2014-02-12
1980,BANK ST,K1V 0E8,Ward 16,,pt 1,WEISCOR CONSTRUCTION,Retail,Old Ottawa,Interior alterations to the office space within a Warehouse building (LCBO),0,112000,2583,1400622,Construction,2014-02-12
381,MARIA GORETTI CIR,K1L 6S3,Ward 12,631,22,***CONTRACTOR***,Single,Vanier,"Interior alterations to a 1 storey, 2 unit building",0,10000,200,1400623,Construction,2014-02-12
151,BREWER WAY,,Ward 17,4M-115,PT LOTS L M,ECOACE,Other,Old Ottawa,Construct a 1 storey greenhouse dome (Brewer Park),0,28733,515,1400625,Construction,2014-02-12
2297,RICHARDSON SIDE RD,K0A 1L0,Ward 5,4M-,6,TOP HAT HOME COMFORT SERVICES,Single,West Carleton,Install a pellet stove in 1 storey detached dwelling,0,2800,0,1400626,Construction,2014-02-12
520,BATHURST AVE,K1G 0X5,Ward 18,604,129,SIBERWOOD BUILDERS,Single,Old Ottawa,Interior alterations in a one-storey detached dwelling (bathroom alteration),0,10000,54,1400627,Construction,2014-02-12
2256,ORIENT PARK DR,K1B 4W2,Ward 2,90,,OTTAWA STRUCTURAL RESIDENTIAL SERVICES LIMITED,Rowhouse,Gloucester,Exterior alterations to a 2 storey rowhouse unit (Foundation underpinning),0,4500,10,1400629,Construction,2014-02-13
983,LUCILLE WAY,K4A 4J2,Ward 19,4M-1091,,UNKNOWN,Detached Garage/Shed,Cumberland,Install a storage container (rear yard),0,3200,160,1400630,Construction,2014-02-13
101,WILLOW GLEN DR,K2M 1T8,Ward 23,4M-539,48,OAKWOOD BUILDERS,Single,Kanata,Interior alterations to the 2nd floor ensuite bathroom of a 2 storey detached dwelling,0,5000,50,1400631,Construction,2014-02-13
200,OWL DR,K1V 9P7,Ward 16,142,,OAKWOOD BUILDERS,Single,Old Ottawa,Interior alterations to the kitchen and 2nd floor bathroom in a 2 storey detached dwelling,0,6000,165,1400632,Construction,2014-02-13
2047,NEEPAWA AVE,K2A 3L7,Ward 7,318916,228,OAKWOOD BUILDERS,Single,Old Ottawa,"Interior alterations to the laundry room, kitchen, master bedroom and bathroom in a 1 storey detached dwelling",0,11847,679,1400633,Construction,2014-02-13
144,OAKRIDGE BLVD,K2G 2T9,Ward 8,,pt 32,HARDING THE FIREPLACE,Single,Nepean,Install a wood burning fireplace insert on the 1st floor of a 1 storey detached dwelling,0,4900,0,1400634,Construction,2014-02-13
20  -806,DRIVEWAY (THE),K2P 1C8,Ward 14,4M-72,,***CONTRACTOR***,Apartment,Old Ottawa,PLUMBING ONLY - Install a washer and dryer in a 17 storey condominium building (Unit 806),0,300,50,1400635,Construction,2014-02-13
79,BENTLEY AVE,K2E 6T7,Ward 9,459792,pt 6,DEFRAN INC.,Office,Nepean,Interior alterations to a 1 storey office building (Canadian Border Services),0,261880,2000,1400636,Construction,2014-02-13
802,NESBITT PL,K2C 0K1,Ward 16,435,3,OTTAWA GENERAL CONTRACTORS,Single,Old Ottawa,Interior alterations in the basement of a 2 storey detached dwelling to add basement window and create office space,0,30687,870,1400637,Construction,2014-02-13
664,BATHURST AVE,K1G 0X8,Ward 18,605,297,YAKO RENO & ASS.,Single,Old Ottawa,Construct a secondary dwelling unit in a 1 storey detached dwelling (basement),1,10000,0,1400638,Construction,2014-02-13
825,STANSTEAD RD,K1V 6Y6,Ward 16,M108,39,***CONTRACTOR***,Single,Old Ottawa,Interior/ Exterior alterations on the 1st floor of a 2 storey detached dwelling (Convert portion of garage to sunroom),0,10000,80,1400639,Construction,2014-02-13
512,MCLEOD ST,K1R 5R1,Ward 14,4M-30,PT LOT 34,OTTAWA BUILDING AND FOUNDATION REPAIR,Single,Old Ottawa,Interior alterations to the basement of a 2 storey detached dwelling,0,50000,538,1400640,Construction,2014-02-13
509,BEVAN AVE,K1Z 5S6,Ward 15,448,19,ETW SOLUTIONS,Single,Old Ottawa,Interior alterations to repair a finished basement after mold remediation,0,20000,182,1400641,Construction,2014-02-13
54,RODEO DR,K2J 4Z5,Ward 3,4M-1079,,***CONTRACTOR***,Single,Nepean,"Finish the basement in a 2 storey detached dwelling (Gas fireplace, insulation of exterior walls, subfloor)",0,19199,517,1400643,Construction,2014-02-13
580,BOOTH ST,K1A 0E4,Ward 14,41,3 to 20,GANNON/BLACKBURN ELECTRIC INC.,Office,Old Ottawa,Interior alterations on the 1st floor of an 8 storey office building to install a fire alarm annunciator.,0,8500,0,1400646,Construction,2014-02-13
101,COLONEL BY DR,K1A 0K2,Ward 12,4M-3922,1 TO 4,BAXTEC MECHANICAL SERVICES,Office,Old Ottawa,"Interior alterations on the 16th floor of a 26 storey office building (DND, Computer Room: Air Conditioning replacement, Penthouse: Install chiller, Roof: Install condensing unit)",0,389250,100,1400652,Construction,2014-02-14
6,BAYSIDE PRIV,K1V 9R3,Ward 16,4M-138,,***CONTRACTOR***,Semi - Detached,Old Ottawa,Interior alterations on the 1st floor of a 2 storey semi-detached dwelling (Remove a wall),0,4000,135,1400653,Construction,2014-02-14
275,SLATER ST,K1P 5H9,Ward 14,3922,27 to 31,BRITT CONSTRUCTION,Office,Old Ottawa,Expansion of existing tenant on the 6th floor of a 15 storey office building into the adjoining suite. (Transport Canada),0,70000,4450,1400654,Construction,2014-02-14
100,BAYSHORE DR,K2B 8C1,Ward 7,,,MOSS SUND INC.,Retail,Nepean,Interior alterations to a 3 storey commercial building ( Bayshore - Body Shop- Unit A10),0,155000,1287,1400655,Construction,2014-02-14
327,DONALD B. MUNRO DR,K0A 1L0,Ward 5,148,pt lot 58,***CONTRACTOR***,Single,West Carleton,Finish the basement of a 2 storey detached dwelling,0,18580,500,1400656,Construction,2014-02-14
1015,BANK ST,K1S 3W7,Ward 17,4M-26085,PT LOTS 17-18,CONTRACTOR UNKNOWN,Retail,Old Ottawa,"Tenant fit up in retail building B (Winners, Lansdowne Park)",0,386060,19303,1400657,Construction,2014-02-14
66,HEARST WAY,K2L 2P4,Ward 23,M-310,,ELITE GENERAL CONTRACTING,Institutional,Kanata,Tenant fit up in a 1 storey commercial building (Daycare/Play Centre),0,393249,19662,1400658,Construction,2014-02-14
154,QUEEN MARY ST,K1K 1X5,Ward 13,342,612,***CONTRACTOR***,Demolition,Old Ottawa,Demolish a 1 storey detached garage,0,3500,-180,1400659,Demolition,2014-02-14
432,BRIAR AVE,K1H 5H6,Ward 18,4M-647,59,980717 ONT INC.,Single,Old Ottawa,Interior alterations on the 1st floor of a 1 storey split-level detached dwelling (Remove load-bearing wall),0,4000,5,1400660,Construction,2014-02-14
7925,JEANNE D'ARC BLVD N,K1C 2C7,Ward 1,4M204,157,***CONTRACTOR***,Semi - Detached,Gloucester,PLUMBING ONLY - Renovate kitchen to move sink and dishwasher,0,6000,0,1400661,Construction,2014-02-14
132,SAI CRES,K1G 5P1,Ward 10,4M-763,78,RENO RESCUE OTTAWA LTD.,Single,Old Ottawa,"Interior alterations on the 1st floor of a 2 storey detached dwelling (remove load bearing wall, revise windows, change stairs and renovate kitchen)",0,60000,500,1400662,Construction,2014-02-18
1043,RICK HANSEN CRES,K4P 1M4,Ward 20,4M-656,24,***CONTRACTOR***,Single,Osgoode,Construct an exterior entrance to the basement at the rear of a 1 storey detached dwelling,0,3000,0,1400663,Construction,2014-02-18
11,BEVERLEY AVE,K1Y 1M7,Ward 15,683,52,CONRAD CONSTRUCTION AND DESIGN INC,Single,Old Ottawa,Interior alterations on the 1st floor of a 2 storey detached dwelling to remove a load bearing wall,0,6500,150,1400664,Construction,2014-02-18
16,CHELTONIA WAY,K2T 1G1,Ward 4,4M-1040,7,***CONTRACTOR***,Single,Kanata,PLUMBING ONLY - rough in three (3) fixtures in basement,0,0,0,1400665,Construction,2014-02-18
299,ROYAL AVE,K2A 1T6,Ward 15,M-28,307,CONTRACTOR UNKNOWN,Demolition,Old Ottawa,Demolish a 1 storey detached dwelling,-1,5000,-822,1400666,Demolition,2014-02-18
203,OVERBERG WAY,K2S 0V7,Ward 21,,PT LOT 30,CLARIDGE HOMES (BRIDLEWOOD) INC,Office,Goulbourn,TEMPORARY PERMIT: Construct a 1 storey temporary sales office (Claridge Homes),0,195815,1171,1400667,Construction,2014-02-18
726,MONDEGO TERR,,Ward 3,4M1423,279,MONARCH CORPORATION,Single,Nepean,Construct a 2 Storey Single with attached garage  Model: Aspen 2010 B,1,441163,2968,1400668,Construction,2014-02-18
721,MONDEGO TERR,,Ward 3,4M1423,276,MONARCH CORPORATION,Single,Nepean,Construct a 2 Storey Single with attached garage  Model: Aspen 2010 B,1,441163,2968,1400669,Construction,2014-02-18
1490,RICHMOND RD,K2B 6S1,Ward 7,,21,CDI SPACES,Retail,Old Ottawa,Interior alterations to 1 storey commercial building (H&R Block),0,54000,1803,1400670,Construction,2014-02-18
566,PINAWA CIR,,Ward 3,,50321,MONARCH CORPORATION,Single,Nepean,Construct a 2 Storey Single with attached garage  Model: Canterbury 2010 C,1,401328,2700,1400671,Construction,2014-02-18
299 A,ROYAL AVE,K2A 1T6,Ward 15,m28,307,CONTRACTOR UNKNOWN,Semi - Detached,Old Ottawa,Construct a 2 storey semi-detached dwelling,2,677947,5518,1400672,Construction,2014-02-18
299 B,ROYAL AVE,K2A 1T6,Ward 15,m28,307,CONTRACTOR UNKNOWN,Semi - Detached,Old Ottawa,Construct a 2 storey semi-detached dwelling,2,677947,5518,1400672,Construction,2014-02-18
719,MONDEGO TERR,,Ward 3,,50275,MONARCH CORPORATION,Single,Nepean,Construct a 2 Storey Single with attached garage  Model: Canterbury 2010 B,1,401328,2700,1400673,Construction,2014-02-18
706,MONDEGO TERR,K2J 0M4,Ward 3,4M1423,50287,MONARCH CORPORATION,Single,Nepean,Construct a 2 Storey Single with attached garage  Model: Aspen 2010 B,1,441163,2968,1400674,Construction,2014-02-18
1929,OGILVIE RD,,Ward 13,,PT LOTS 21 & 22,LITTLE ACORN EARLY LEARNING CENTRE,Institutional,Gloucester,Tenant fit up on the 1st floor of a 1 storey building (Acorn Early Learning Centre),0,270391,7276,1400675,Construction,2014-02-18
2946,AHEARN AVE,K2B 7A4,Ward 7,458,9,***CONTRACTOR***,Duplex,Old Ottawa,Interior alterations to a 2 storey duplex (Unit 1),0,37000,581,1400676,Construction,2014-02-18
159,FORWARD AVE,K1Y 1K8,Ward 15,35,7 to 9,CONTRACTOR UNKNOWN,Institutional,Old Ottawa,Interior alterations in the basement of a 2 storey family shelter to upgrade washrooms & shower facilities.,0,40000,200,1400677,Construction,2014-02-18
474,ELGIN ST,K2P 2J6,Ward 14,P30,1-5,CONTRACTOR UNKNOWN,Office,Old Ottawa,Interior alterations on the basement (Level 0) floor of a 3 storey institutional building (womens washroom),0,130000,663,1400678,Construction,2014-02-18
1035,BANK ST,,Ward 17,26085,17-18,MINTO COMMUNITIES INC.,Apartment,Old Ottawa,Construct a 20 storey Condominium Building (Building K),155,33491319,223981,1400679,Construction,2014-02-18
101,POPLIN ST,K4M 0G7,Ward 22,4M-1474,,URBANDALE CORPORATION,Stacked Rowhouse,Gloucester,Construct a 3 storey 8 unit stacked dwelling,8,1175891,10548,1400680,Construction,2014-02-18
103,POPLIN ST,K4M 0G7,Ward 22,4M-1474,,URBANDALE CORPORATION,Stacked Rowhouse,Gloucester,Construct a 3 storey 8 unit stacked dwelling,8,1175891,10548,1400680,Construction,2014-02-18
105,POPLIN ST,K4M 0G7,Ward 22,4M-1474,,URBANDALE CORPORATION,Stacked Rowhouse,Gloucester,Construct a 3 storey 8 unit stacked dwelling,8,1175891,10548,1400680,Construction,2014-02-18
107,POPLIN ST,K4M 0G7,Ward 22,4M-1474,,URBANDALE CORPORATION,Stacked Rowhouse,Gloucester,Construct a 3 storey 8 unit stacked dwelling,8,1175891,10548,1400680,Construction,2014-02-18
109,POPLIN ST,K4M 0G7,Ward 22,4M-1474,,URBANDALE CORPORATION,Stacked Rowhouse,Gloucester,Construct a 3 storey 8 unit stacked dwelling,8,1175891,10548,1400680,Construction,2014-02-18
111,POPLIN ST,K4M 0G7,Ward 22,4M-1474,,URBANDALE CORPORATION,Stacked Rowhouse,Gloucester,Construct a 3 storey 8 unit stacked dwelling,8,1175891,10548,1400680,Construction,2014-02-18
113,POPLIN ST,K4M 0G7,Ward 22,4M-1474,,URBANDALE CORPORATION,Stacked Rowhouse,Gloucester,Construct a 3 storey 8 unit stacked dwelling,8,1175891,10548,1400680,Construction,2014-02-18
115,POPLIN ST,K4M 0G7,Ward 22,4M-1474,,URBANDALE CORPORATION,Stacked Rowhouse,Gloucester,Construct a 3 storey 8 unit stacked dwelling,8,1175891,10548,1400680,Construction,2014-02-18
100,WILHELMINA PL,K4M 0B4,Ward 22,4M1480,30,URBANDALE CONSTRUCTION,Single,Gloucester,Construct a 2 storey detached dwelling,1,435069,2927,1400681,Construction,2014-02-18
711,MONDEGO TERR,,Ward 3,,50271,MONARCH CORPORATION,Single,Nepean,Construct a 2 Storey Single with attached garage  Model: Nantucket 2010 B,1,383193,2578,1400682,Construction,2014-02-18
1716,TACHE WAY,K4A 2T4,Ward 1,50M-149,154,"SIMARD, ALAIN",Single,Cumberland,Interior alterations to 1st floor of a 2 storey detached dwelling (remove load bearing wall between the kitchen & the living room),0,8000,0,1400683,Construction,2014-02-18
1133,CARP RD,K2S 1B9,Ward 6,,23,CONTRACTOR UNKNOWN,Retail,Goulbourn,Construct a 1 storey addition (front) and convert the building to a 36 seat restaurant (A2 occupancy),0,100000,230,1400684,Construction,2014-02-18
114,PALFREY WAY,K2V 0A5,Ward 6,,1152,MONARCH CORPORATION,Single,Goulbourn,Construct a 2 Storey Single with attached garage  Model: Campolina 2012 A,1,386909,2603,1400685,Construction,2014-02-18
1491,MORISSET AVE,K1Z 8H2,Ward 16,327,227 226 225,BASSI CONSTRUCTION LTD,Single,Old Ottawa,Repair/Renovation of a 2 storey semi detached dwelling (marijuana grow operation),0,500,215,1400686,Construction,2014-02-18
1298,KILBORN AVE,K1H 6L3,Ward 18,,19,MAURICE YELLE LTD,Demolition,Old Ottawa,Demolish a 2 storey detached dwelling,-1,5000,-1292,1400687,Demolition,2014-02-19
67,MORTON DR,K2L 1W9,Ward 23,896,1142,MULTI-DRAIN INC,Duplex,Kanata,PLUMBING ONLY - Install an open port backwater valve on the sanitary sewer in a detached dwelling,0,0,0,1400688,Construction,2014-02-19
5420,CANOTEK RD,K1J 8X5,Ward 11,,14,PAUL DAOUST CONSTRUCTION & ASSOC. LTD.,Office,Gloucester,Interior alterations to extend a corridor to provide a back door to another tenant space,0,10031,32,1400689,Construction,2014-02-19
97,SEABROOKE DR,K2L 2H9,Ward 23,M-222,1480,PRO FLOW SERVICES INC.,Single,Kanata,PLUMBING ONLY- Install a Protective Plumbing Device on the building drain,0,0,0,1400690,Construction,2014-02-19
5,HALKIRK AVE,K2V 1B1,Ward 23,4M-956,3,PRO FLOW SERVICES INC.,Single,Kanata,PLUMBING ONLY- Install a Protective Plumbing Device on the building drain,0,0,0,1400691,Construction,2014-02-19
62,MORTON DR,K2L 1X1,Ward 23,896,1129,PRO FLOW SERVICES INC.,Single,Kanata,PLUMBING ONLY- Install a Protective Plumbing Device on the building drain,0,0,0,1400692,Construction,2014-02-19
6081,HAZELDEAN RD,K2S 1B9,Ward 6,,24,CONTRACTOR UNKNOWN,Retail,Goulbourn,Tenant fit up in a 1 storey commercial building (Kiwi Kraze),0,40000,1937,1400693,Construction,2014-02-19
6505,JEANNE D'ARC BLVD N,K1C 2R1,Ward 1,2017,1-15,CONTRACTOR UNKNOWN,Commercial,Gloucester,Interior alterations to a 1 storey retail building (Dollarama fit-up),0,80000,1937,1400694,Construction,2014-02-19
3722,INNES RD,K1W 0C8,Ward 2,,pt lot 3,FIRSTLINE CONSTRUCTION SERVICES,Commercial,Gloucester,"Tenant fit up in a 1 storey commercial building  (Saigon Pho, Unit 7)",0,90000,1785,1400695,Construction,2014-02-19
29,BARRA AVE,K2L 2R9,Ward 23,4M-,,PRO FLOW SERVICES INC.,Single,Kanata,PLUMBING ONLY- Install a Protective Plumbing Device on the building drain,0,0,0,1400696,Construction,2014-02-19
30,MORTON DR,K2L 1X1,Ward 23,896,1134,PRO FLOW SERVICES INC.,Single,Kanata,PLUMBING ONLY- Install a Protective Plumbing Device on the building drain,0,0,0,1400697,Construction,2014-02-19
182,KINCARDINE DR,K2V 1C5,Ward 23,4M-1081,,PRO FLOW SERVICES INC.,Single,Kanata,PLUMBING ONLY- Install a Protective Plumbing Device on the building drain,0,0,0,1400698,Construction,2014-02-19
101,ORIOLE AVE,K2L 1E6,Ward 23,809,471,PRO FLOW SERVICES INC.,Single,Kanata,PLUMBING ONLY- Install a Protective Plumbing Device on the building drain,0,0,0,1400699,Construction,2014-02-19
81,CASTLEFRANK RD,K2L 2E6,Ward 23,M-220,1277,PRO FLOW SERVICES INC.,Single,Kanata,PLUMBING ONLY- Install a Protective Plumbing Device on the building drain,0,0,0,1400700,Construction,2014-02-19
29,SEABROOKE DR,K2L 2H8,Ward 23,M-222,1471,PRO FLOW SERVICES INC.,Single,Kanata,PLUMBING ONLY- Install a Protective Plumbing Device on the building drain,0,0,0,1400701,Construction,2014-02-19
119,OAKBURN RD,K2L 1E5,Ward 23,900,1231,PRO FLOW SERVICES INC.,Single,Kanata,PLUMBING ONLY- Install a Protective Plumbing Device on the building drain,0,0,0,1400702,Construction,2014-02-19
187,SPRINGBEAUTY AVE,K2J 5T8,Ward 3,,pt 18,CARDEL HOMES LIMITED PARTNERSHIP OTTAWA DIVISION,Single,Nepean,Construct a 2 storey detached dwelling,1,382228,2585,1400703,Construction,2014-02-19
117,POPLIN ST,K4M 0G7,Ward 22,4M-1474,,URBANDALE CONSTRUCTION,Stacked Rowhouse,Gloucester,Construct a 3 storey 10 unit stacked dwelling,10,1504423,13495,1400704,Construction,2014-02-19
119,POPLIN ST,K4M 0G7,Ward 22,4M-1474,,URBANDALE CONSTRUCTION,Stacked Rowhouse,Gloucester,Construct a 3 storey 10 unit stacked dwelling,10,1504423,13495,1400704,Construction,2014-02-19
121,POPLIN ST,K4M 0G7,Ward 22,4M-1474,,URBANDALE CONSTRUCTION,Stacked Rowhouse,Gloucester,Construct a 3 storey 10 unit stacked dwelling,10,1504423,13495,1400704,Construction,2014-02-19
123,POPLIN ST,K4M 0G7,Ward 22,4M-1474,,URBANDALE CONSTRUCTION,Stacked Rowhouse,Gloucester,Construct a 3 storey 10 unit stacked dwelling,10,1504423,13495,1400704,Construction,2014-02-19
125,POPLIN ST,K4M 0G7,Ward 22,4M-1474,,URBANDALE CONSTRUCTION,Stacked Rowhouse,Gloucester,Construct a 3 storey 10 unit stacked dwelling,10,1504423,13495,1400704,Construction,2014-02-19
127,POPLIN ST,K4M 0G7,Ward 22,4M-1474,,URBANDALE CONSTRUCTION,Stacked Rowhouse,Gloucester,Construct a 3 storey 10 unit stacked dwelling,10,1504423,13495,1400704,Construction,2014-02-19
129,POPLIN ST,K4M 0G7,Ward 22,4M-1474,,URBANDALE CONSTRUCTION,Stacked Rowhouse,Gloucester,Construct a 3 storey 10 unit stacked dwelling,10,1504423,13495,1400704,Construction,2014-02-19
131,POPLIN ST,K4M 0G7,Ward 22,4M-1474,,URBANDALE CONSTRUCTION,Stacked Rowhouse,Gloucester,Construct a 3 storey 10 unit stacked dwelling,10,1504423,13495,1400704,Construction,2014-02-19
133,POPLIN ST,K4M 0G7,Ward 22,4M-1474,,URBANDALE CONSTRUCTION,Stacked Rowhouse,Gloucester,Construct a 3 storey 10 unit stacked dwelling,10,1504423,13495,1400704,Construction,2014-02-19
135,POPLIN ST,K4M 0G7,Ward 22,4M-1474,,URBANDALE CONSTRUCTION,Stacked Rowhouse,Gloucester,Construct a 3 storey 10 unit stacked dwelling,10,1504423,13495,1400704,Construction,2014-02-19
126,GRAINSTONE WAY,K2T 0H4,Ward 4,4M-1489,222,CARDEL HOMES LIMITED PARTNERSHIP OTTAWA DIVISION,Single,Kanata,Construct a 2 storey detached dwelling,1,500954,4454,1400705,Construction,2014-02-19
404,GOLDEN SPRINGS DR,K4M 0B8,Ward 22,4M-1470,79,CLARIDGE HOMES (RIVER ROAD) INC.,Single,Gloucester,Construct a 2 storey detached dwelling,1,386672,2601,1400706,Construction,2014-02-19
408,GOLDEN SPRINGS DR,K4M 0B9,Ward 22,4M-1470,81,CLARIDGE HOMES (RIVER ROAD) INC.,Single,Gloucester,Construct a 2 storey detached dwelling,1,439974,2960,1400707,Construction,2014-02-19
711,FIDDLEHEAD ST,,Ward 22,4M-1462,85,CLARIDGE HOMES (LEITRIM) INC.,Single,Gloucester,Construct a 1 storey detached dwelling,1,197245,1327,1400708,Construction,2014-02-19
2750,IRIS ST,K2C 1E6,Ward 8,383390,,"ZAFARI, MOHAMMAD",Retail,Old Ottawa,Tenant fit up in a 1 storey retail building (Supreme Kabab House),0,80000,2200,1400709,Construction,2014-02-19
1545,CARLING AVE,K1Z 8P9,Ward 15,42,12-13,CONTRACTOR UNKNOWN,Office,Old Ottawa,"Restoration of base building corridor & upgrades to a 7 storey office building  (Carling Executive Park, 7 th floor)",0,100000,7000,1400710,Construction,2014-02-19
115,CHAMPAGNE AVE S,,Ward 15,131037,12 TO 18 19 TO 21,BASSCON GROUP INC,Apartment,Old Ottawa,"EXCAVATION and SHORING ONLY - Construct a 22 storey, 200 unit residential building w/ 5 levels of underground parking and ground floor retail (Soho 2)",0,0,0,1400713,Construction,2014-02-19
25,HARWICK CRES,K2H 6R3,Ward 8,409252,544,CONTRACTOR UNKNOWN,Detached Garage/Shed,Nepean,Construct a detached garage (rear yard),0,13680,684,1400714,Construction,2014-02-19
111,TALOS CIR,,Ward 21,4M-,54,TALOS HOMES LIMITED,Single,Goulbourn,Construct a 2 storey detached dwelling,1,363425,2445,1400715,Construction,2014-02-20
1991,ST. JOSEPH BLVD,K1C 1E5,Ward 1,162,9 & 10,BARAZAN GENERAL CONTRACTING,Office,Gloucester,Tenant fit-up on the 1st floor of a 1 storey office building (Sutton Group),0,25000,969,1400716,Construction,2014-02-20
380,BRETTONWOOD RIDGE,,Ward 4,,42,MINTO COMMUNITIES INC.,Single,Kanata,Construct a 2 Storey Single with attached garage  Model: Bedford 2013 B,1,284348,1913,1400718,Construction,2014-02-20
74,FAIR OAKS CRES,K2G 4W3,Ward 9,4M-487,24,***CONTRACTOR***,Single,Nepean,Finish the basement in a 2 storey detached dwelling,0,9512,256,1400719,Construction,2014-02-20
200,MISSION TRAIL CRES,K2T 0H7,Ward 4,,23,MINTO COMMUNITIES INC.,Single,Kanata,Construct a 2 Storey Single with attached garage  Model: Parker 2011 C,1,271119,1824,1400720,Construction,2014-02-20
1279,WILLOWDALE AVE,K1H 7S7,Ward 18,4M-623,107,CONTRACTOR UNKNOWN,Single,Old Ottawa,Interior/Exterior alterations to a 1 storey detached dwelling,0,6000,993,1400721,Construction,2014-02-20
1291,MEADOWLANDS DR E,K2E 6K4,Ward 9,4M-455921,PT LOT 714,"WILDGEN, DANIEL",Single,Nepean,"Interior alterations on the main floor of a 1 storey detached dwelling (Change staircase location, remove 2 load-bearing walls)",0,3000,161,1400722,Construction,2014-02-20
600,PINE VISTA DR,K4A 5B2,Ward 1,4M-1228,263,***CONTRACTOR***,Single,Cumberland,Exterior alterations to a 1 storey detached dwelling (install patio door in window opening),0,3000,0,1400723,Construction,2014-02-20
455,SHERBOURNE RD,K2A 3G1,Ward 15,314928,PT BLK 1,NOVATECH DKI,Other,Old Ottawa,Exterior renovations to repair the end garage of a 6 unit 1 storey garage structure,0,11000,86,1400724,Construction,2014-02-20
107,ROCK DOVE CRT,K0A 1L0,Ward 5,4M-1298,30,DELGANY HOMES LTD.,Single,West Carleton,Construct a 1 storey detached dwelling,1,400001,2691,1400726,Construction,2014-02-20
1195,WELLINGTON ST,K1Y 2Z6,Ward 15,58,pt C,BARBICAN CONSTRUCTION LTD. (DON WIGHT),Retail,Old Ottawa,Interior alterations to 2 levels of a 2 storey commercial building (Euphoria Hair Salon),0,221000,2476,1400727,Construction,2014-02-20
117,GRANTON AVE,K2G 1X4,Ward 8,375,2511 to 2514,***CONTRACTOR***,Single,Nepean,Construct a deck (rear yard),0,6000,500,1400728,Construction,2014-02-20
100,COLONNADE RD N,K2E 7L6,Ward 9,,pt 29,CONTRACTOR UNKNOWN,Office,Nepean,Tenant fit up on the 1st and 2nd floor of a 3 storey office building (Public Works),0,475000,54812,1400729,Construction,2014-02-20
130,COLONNADE RD S,K2E 1B6,Ward 9,,pt 29,CONTRACTOR UNKNOWN,Office,Nepean,Tenant fit up on the 1st and 2nd floor of a 3 storey office building (Public Works),0,475000,54812,1400729,Construction,2014-02-20
2179,MER BLEUE RD,K4A 3T9,Ward 19,,pt lot 2,GARLIMA GROUP,Commercial,Cumberland,Tenant fit up to 1 storey building (Office),0,105000,2745,1400730,Construction,2014-02-20
100,TUNNEY'S PASTURE DRWY,,Ward 15,396,34,NICOLINI CONSTRUCTION AND ENGINEERING  LTD.,Office,Old Ottawa,"Tenant fit-up on the 3rd, 12th and 13th floor of a 26 storey office building (R.H.Coats building)",0,532000,4219,1400731,Construction,2014-02-20
3,OSSINGTON AVE,K1S 3B3,Ward 17,98627,46,CONTRACTOR UNKNOWN,Single,Old Ottawa,Plumbing only - Install a backwater valve and change plumbing in basement of a 3 storey detached dwelling,0,0,0,1400732,Construction,2014-02-20
369,NESTLETON ST,K4A 0W2,Ward 19,4M1459,7,MINTO COMMUNITIES INC.,Single,Cumberland,Construct a 2 storey detached dwelling,1,457811,3080,1400733,Construction,2014-02-20
114,CAMERON AVE,K1S 0X1,Ward 17,133,13 to 14,MB FORD CONSTRUCTION LTD.,Institutional,Old Ottawa,Interior alterations to a 1 storey hospice (May Court),0,30000,150,1400734,Construction,2014-02-20
609,BIRCHLAND CRES,K2S 2A5,Ward 6,4M1447,48,***CONTRACTOR***,Single,Goulbourn,Finish the basement in a 2 storey detached dwelling,0,29728,800,1400735,Construction,2014-02-20
34,HIBISCUS WAY,K2J 6A6,Ward 3,4M-1504,33,CLARIDGE HOMES (CEDARVIEW) LIMITED PARTNERSHIP,Single,Nepean,Construct a 2 Storey Single with attached garage  Model: Stockholm II 2011 A,1,377396,2539,1400736,Construction,2014-02-20
367,NESTLETON ST,K4A 0W2,Ward 19,,8,MINTO COMMUNITIES INC.,Single,Cumberland,Construct a 2 storey detached dwelling,1,404300,2720,1400737,Construction,2014-02-20
314,CADRIAN WALK,K2J 5S2,Ward 22,,78,MINTO COMMUNITIES INC.,Single,Nepean,Construct a 2 Storey Single with attached garage  Model: Picadilly 2007 A,1,332656,2238,1400738,Construction,2014-02-20
141,CARTIER ST,K2P 1K7,Ward 14,M-3,D,OAKWOOD BUILDERS,Single,Old Ottawa,Exterior/Interior alterations to the 1st and 2nd floors of a 3 storey detached dwelling,0,20000,372,1400739,Construction,2014-02-20
151,PIAZZA CIR,,Ward 22,,86,MINTO COMMUNITIES INC.,Single,Nepean,Construct a 2 Storey Single with attached garage  Model: Hathaway 4 2007 C,1,321211,2161,1400740,Construction,2014-02-20
316,CADRIAN WALK,K2J 5S2,Ward 22,,79,MINTO COMMUNITIES INC.,Single,Nepean,Construct a 2 Storey Single with attached garage  Model: Hathaway 4 2007 C,1,321211,2161,1400741,Construction,2014-02-20
1055,ST. LAURENT BLVD,K1K 3B1,Ward 11,26,23-27,RELIANCE CONSTRUCTION,Commercial,Old Ottawa,Interior alterations to a 1 storey retail building (Target Phase 3),0,9790000,92442,1400742,Construction,2014-02-20
1405,CARRONBRIDGE CIR,K2M 0G4,Ward 23,4M-1383,,***CONTRACTOR***,Semi - Detached,Kanata,"Install an enclosure for a hot tub (back yard, cover)",0,0,0,1400743,Pool Enclosure,2014-02-20
1055,ST. LAURENT BLVD,K1K 3B1,Ward 11,26,23-27,RELIANCE CONSTRUCTION,Retail,Old Ottawa,"Construct an addition to a 1 storey retail building (Target, Phase 2, including all units except for the Metro)",0,804000,6734,1400744,Construction,2014-02-20
6816,MITCH OWENS RD,K4P 1M6,Ward 20,862,8,GENERAL DYNAMIC CONSTRUTION % ROSS FRISHECHEN,Single,Osgoode,Remediation of a Marijuana Grow Op (Repair / Alteration of a One-Storey Detached Dwelling),0,6000,1500,1400745,Construction,2014-02-20
118,HOLMWOOD AVE,,Ward 17,26085,PT LOTS 17-18,MINTO COMMUNITIES INC.,Mixed,Old Ottawa,Construct residential portion of a 12 storey mixed use building  (2-stories retail + condo residential) (Tower A - Vibe),78,13109971,88199,1400746,Construction,2014-02-21
717,ANNISETTES RIDGE,,Ward 19,4M1459,59,MINTO COMMUNITIES INC.,Single,Cumberland,Construct a 2 Storey Single with attached garage  Model: Bedford 2013 B,1,284348,1913,1400747,Construction,2014-02-21
719,ANNISETTES RIDGE,,Ward 19,4M1459,58,MINTO COMMUNITIES INC.,Single,Cumberland,Construct a 2 Storey Single with attached garage  Model: Hathaway 3 2007 B,1,293415,1974,1400748,Construction,2014-02-21
1,CORKSTOWN RD,K2H 1B6,Ward 7,,pt 14 & 15,OTTAWA SPRINKLER INSTALLATIONS LIMITED,Apartment,Nepean,Interior alterations in a 4 storey retirement residence (install sprinkler system),0,477000,85000,1400749,Construction,2014-02-21
170,TUNNEY'S PASTURE DRWY,,Ward 15,396,34,CONTRACTOR UNKNOWN,Office,Old Ottawa,Tenant fit-up on the entire 4th floor of a 26 storey office building (Jean Talon building),0,427724,39482,1400750,Construction,2014-02-21
33,SULLIVAN AVE,K2G 1T8,Ward 8,,32,POOL TIME,Single,Nepean,Install an enclosure for an inground pool (rear yard),0,0,0,1400751,Pool Enclosure,2014-02-21
2045,BALHARRIE AVE,K1G 1G2,Ward 18,M-86,12,***CONTRACTOR***,Demolition,Old Ottawa,Demolish a 2 storey detached dwelling,-1,10000,-1700,1400752,Demolition,2014-02-21
246,LYON ST N,K1R 5V9,Ward 14,2996,18,CONTRACTOR UNKNOWN,Retail,Old Ottawa,"Tenant fit-up in a 2 storey mixed use building (Coffee Shop, ground floor)",0,5500,278,1400753,Construction,2014-02-21
73,RIDEAU ST,K1N 5W8,Ward 12,42482,CDE,CONTRACTOR UNKNOWN,Retail,Old Ottawa,Tenant fit up on the 1st floor of a 6 storey retail building (TOPSHOP),0,1500000,9375,1400754,Construction,2014-02-21
72,SOUTHAM WAY,K2J 5Y4,Ward 22,,125,MINTO COMMUNITIES INC.,Single,Nepean,Construct a 2 storey single with attached garage  Model: Rockliffe 2010 A,1,457811,3080,1400755,Construction,2014-02-21
50,MILNER DOWNS CRES,K2M 2S5,Ward 23,4M-980,,***CONTRACTOR***,Rowhouse,Kanata,Finish the basement in a 2 storey rowhouse unit,0,7302,197,1400756,Construction,2014-02-21
3027,BLANCHFIELD RD,K0A 2W0,Ward 20,,PT LOT 25,TOP HAT HOME COMFORT SERVICES,Single,Osgoode,Install a woodstove in a 1 storey detached dwelling (basement),0,5710,0,1400757,Construction,2014-02-21
68,SOUTHAM WAY,K2J 5Y4,Ward 22,4M-1469,127,MINTO COMMUNITIES INC.,Single,Nepean,Construct a 1 storey detached dwelling,1,226780,1526,1400758,Construction,2014-02-21
112,CORIOLIS CRT,K2S 0P3,Ward 6,4M-1458,17,WOODLOCK,Single,Goulbourn,Construct a deck (rear yard),0,5000,288,1400759,Construction,2014-02-21
59,GOWRIE DR,K2L 2T5,Ward 23,4M-338,40,***CONTRACTOR***,Single,Kanata,Remove existing window and replace with patio door in a detached dwelling,0,1000,0,1400760,Construction,2014-02-21
226,CASTLEGARTH CRES,K2J 5N6,Ward 22,4M-1233,104,KEMPTVILLE POOL & SPA,Single,Nepean,Intsall an enclosure for an inground pool (rear yard),0,0,0,1400761,Pool Enclosure,2014-02-24
3828,MARBLE CANYON,K1V 1P9,Ward 22,4M-1013,,KEMPTVILLE POOL & SPA,Single,Gloucester,Install an enclosure for an inground pool (rear yard),0,0,0,1400762,Pool Enclosure,2014-02-24
8465,NORTH SERVICE RD,K1C 1T1,Ward 1,4M-1425,2,BRIGIL PLATINUM,Other,Cumberland,Construct a 1 storey storage building (garbage and bicycle enclosure),0,35841,643,1400763,Construction,2014-02-24
423,HOLLAND AVE,K1Y 0Z3,Ward 15,157,pt 1659,CONTRACTOR UNKNOWN,Semi - Detached,Old Ottawa,Interior alterations to a 3 storey semi-detached dwelling (basement washroom),0,1301,35,1400764,Construction,2014-02-24
1572,STITTSVILLE MAIN ST,,Ward 6,,23,CONTRACTOR UNKNOWN,Commercial,Goulbourn,Interior alterations to the 2nd floor of a 2 storey daycare (Brown Bear Day Care),0,7000,30,1400765,Construction,2014-02-24
528,SILVER SAGE AVE,K2J 5Z5,Ward 3,,FS15,RICHCRAFT HOMES LIMITED,Single,Nepean,Construct a 2 Storey Single with attached garage  Model: 35-21 Cranbrook Corner 2013 C,1,300252,2020,1400766,Construction,2014-02-24
383,TWINFLOWER WAY,K2J 5Z5,Ward 3,,FS26,RICHCRAFT HOMES LIMITED,Single,Nepean,Construct a 2 Storey Single with attached garage  Model: 35-01 Silverton 2010 A,1,277213,1865,1400767,Construction,2014-02-24
11,FESSENDEN WAY,K2L 3L1,Ward 23,4M-481,53,"MULHOLLAND, MARK",Single,Kanata,Interior alteration to open existing wall in kitchen,0,2500,36,1400768,Construction,2014-02-24
22,HAMILTON AVE N,K1Y 1B6,Ward 15,58,3 & 4,SIROIS & SONS GENERAL CONTRACTORS INC.,Office,Old Ottawa,Interior alterations to a 2 storey office building and construct a 1 storey addition at the 2nd floor,0,314433,3302,1400769,Construction,2014-02-24
2174,ST. JOSEPH BLVD,K1C 1E6,Ward 2,,4 & 5,CONTRACTOR UNKNOWN,Demolition,Gloucester,Demolish a 1 storey car wash,0,45000,-2002,1400770,Demolition,2014-02-24
2194,ST. JOSEPH BLVD,,Ward 2,,4 and 5,CONTRACTOR UNKNOWN,Demolition,Gloucester,Demolish a 1 storey convenience store and canopy,0,45000,-3315,1400771,Demolition,2014-02-24
17,ROCHE PL,K2H 5P8,Ward 7,420102,105,***CONTRACTOR***,Single,Nepean,Interior alterations in a 1 storey detached dwelling (renovate main floor and basement washrooms; relocate washer/dryer to main level),0,6500,108,1400772,Construction,2014-02-24
139,MARCH RD,K2K 2Y2,Ward 7,,6-7,DEL MANAGEMENT SOLUTIONS INC.,Demolition,Nepean,Demolish a 2 storey detached dwelling,-1,5000,-1000,1400773,Demolition,2014-02-24
913,BUNCHBERRY WAY,K1T 0L7,Ward 22,4M-1484,,TARTAN HOMES CORPORATION,Semi - Detached,Gloucester,Construct a 2 storey semi-detached dwelling,2,586830,3948,1400774,Construction,2014-02-24
915,BUNCHBERRY WAY,K1T 0L7,Ward 22,4M-1484,,TARTAN HOMES CORPORATION,Semi - Detached,Gloucester,Construct a 2 storey semi-detached dwelling,2,586830,3948,1400774,Construction,2014-02-24
14,BRIGHTSIDE AVE,K2S 1K5,Ward 6,4M-1163,187,JUST BASEMENTS,Single,Goulbourn,Finish the basement in a 2 storey detached dwelling,0,26012,700,1400775,Construction,2014-02-24
326,BANK ST,K2P 1Y1,Ward 14,,,CONTRACTOR UNKNOWN,Mixed,Old Ottawa,Interior alterations to a 6 storey mixed use building (minor repair ground floor slab),0,8500,0,1400776,Construction,2014-02-24
328,BANK ST,K2P 1Y1,Ward 14,,,CONTRACTOR UNKNOWN,Mixed,Old Ottawa,Interior alterations to a 6 storey mixed use building (minor repair ground floor slab),0,8500,0,1400776,Construction,2014-02-24
330,BANK ST,K2P 1Y1,Ward 14,,,CONTRACTOR UNKNOWN,Mixed,Old Ottawa,Interior alterations to a 6 storey mixed use building (minor repair ground floor slab),0,8500,0,1400776,Construction,2014-02-24
332,BANK ST,K2P 1Y1,Ward 14,,,CONTRACTOR UNKNOWN,Mixed,Old Ottawa,Interior alterations to a 6 storey mixed use building (minor repair ground floor slab),0,8500,0,1400776,Construction,2014-02-24
100,MURRAY ST,K1N 0A1,Ward 12,,12 & 13,BASSI CONSTRUCTION LTD,Office,Old Ottawa,Tenant Fit-up to the 4th and 5th floor of a 5 storey office building (Royal Canadian Mint),0,650000,13412,1400777,Construction,2014-02-24
136,KING GEORGE ST,K1K 1V3,Ward 13,4M-341,PT LOTS 36 AND 37,OTTAWA CARLETON CONSTRUCTION LTD,Duplex,Old Ottawa,Construct a 2 storey duplex,2,474389,3192,1400778,Construction,2014-02-24
138,KING GEORGE ST,K1K 1V3,Ward 13,4M-341,PT LOTS 36 AND 37,OTTAWA CARLETON CONSTRUCTION LTD,Duplex,Old Ottawa,Construct a 2 storey duplex,2,474389,3192,1400779,Construction,2014-02-24
50,O'CONNOR ST,K1P 6L2,Ward 14,3922,pt 9,CONTRACTOR UNKNOWN,Office,Old Ottawa,"Interior alterations on the 17th floor of a 17 storey office building (Unit 1700, Canada Deposit Insurance Corporation)",0,32000,500,1400780,Construction,2014-02-24
6,VIRGIL RD,K2H 6B3,Ward 8,379443,43,CONTRACTOR UNKNOWN,Single,Nepean,Interior alterations to a 1 storey detached dwelling (opening up supporting wall in kitchen/living room to expand entrance),0,800,32,1400781,Construction,2014-02-24
33,VERMONT AVE,K2G 6M2,Ward 22,4M-979,,"DAMSBAEK, ERIK",Single,Nepean,Finish the basement in a 2 storey detached dwelling,0,20438,550,1400782,Construction,2014-02-25
110,PLACE D'ORLEANS DR,K1C 2L9,Ward 1,,37,TERLIN CONSTRUCTION LTD.,Retail,Cumberland,Interior alterations on the 2nd storey of a 2 storey shopping mall (Place D'Orleans - food court washrooms and adjacent suites),0,550000,12000,1400783,Construction,2014-02-25
381,GREENWOOD AVE,K2A 4E5,Ward 15,257,68,RENOVATEK CONSTRUCTION,Single,Old Ottawa,Constuct an addition and a deck to a 2 storey semi detached dwelling,0,23296,215,1400784,Construction,2014-02-25
79,ROSSLAND AVE,K2G 2K7,Ward 8,375,215 216,***CONTRACTOR***,Single,Nepean,Construct a 2 storey detached dwelling,1,455388,3064,1400785,Construction,2014-02-25
2121,TENTH LINE RD,K4A 4C5,Ward 19,,1,POTENTIA SOLAR INC,Retail,Cumberland,Install 1989 solar panels on the roof of a 1 storey retail building  (Home Depot),0,248625,0,1400788,Construction,2014-02-25
10,FRANK NIGHBOR PL,K2V 1B9,Ward 23,4M-1012,2,AGT SOLAR,Retail,Kanata,Install 1872 solar panels on a the roof of a 1 storey retail building (Home Depot),0,234000,0,1400790,Construction,2014-02-25
1110,LONGFIELDS DR,K2J 0H9,Ward 22,4M-1303,,ECOLES CATHOLIQUES DU CENTRE-EST,Institutional,Nepean,Construct a prefabricated greenhouse at the rear of a 2 storey institutional building - [cole Secondaire Catholique Pierre-Savard],0,30000,750,1400791,Construction,2014-02-25
1730,ST. LAURENT BLVD,K1G 5L1,Ward 18,,pt 14,JP GRAVEL CONSTRUCTION  INC.,Commercial,Old Ottawa,"Interior alterations on the 4th floor of a 8 storey office building (Investors Group, unit 430)",0,78125,1642,1400792,Construction,2014-02-25
2869,GIBFORD DR,,Ward 16,,6,VERSATEK BUILDING CORP,Retail,Gloucester,Construct a 6 storey hotel building (Hampton Inn),0,7583333,65836,1400793,Construction,2014-02-25
475,RICHMOND RD,K2A 3Y8,Ward 15,4M-,PT LOT 29,CONTRACTOR UNKNOWN,Commercial,Old Ottawa,"Interior alterations to a 1 storey building (Rogers Communications, convert training rooms into telecommunication service room &  convert washrooms into mechanical service room)",0,100000,1823,1400795,Construction,2014-02-25
33,NANAIMO DR,K2H 6Y2,Ward 8,447764,41,CONTRACTOR UNKNOWN,Single,Nepean,Construct a 1 storey addition to a 2 storey detached dwelling (close in front porch),0,7135,48,1400796,Construction,2014-02-25
676,EVERLASTING CRES,K4A 0K4,Ward 1,4M-1336,44,***CONTRACTOR***,Single,Cumberland,Finish the basement in a 2 storey detached dwelling,0,38386,1033,1400797,Construction,2014-02-25
318,CADRIAN WALK,K2J 5S2,Ward 22,4M-1469,80,MINTO COMMUNITIES INC.,Single,Nepean,Construct a 2 Storey Single with attached garage  Model: Westminster 2007 C,1,403706,2716,1400798,Construction,2014-02-25
1547,MERIVALE RD,K2G 4V3,Ward 9,588810,,TERLIN CONSTRUCTION,Office,Nepean,"Tenant fit-up for dental office in a 5 storey office building (W. H. Wayne Dentistry Professional Corp., unit 230)",0,250000,2741,1400799,Construction,2014-02-25
300,SLATER ST,K1P 6A6,Ward 14,3922,27-30,CONTRACTOR UNKNOWN,Office,Old Ottawa,Tenant fit-up on the 7th floor of a 20 storey office building (Citizenship and Immigration Canada),0,321000,13896,1400801,Construction,2014-02-26
410,LAURIER AVE W,K1R 1B7,Ward 14,2996,22 & pt 21,GLENVIEW CONSTRUCTION LIMITED,Office,Old Ottawa,Tenant fit up on the 5th and 7th floors of an 11 storey office building,0,602000,14000,1400802,Construction,2014-02-26
32,STEEPLE CHASE DR,K2M 2K1,Ward 23,4M-803,109,TWO BROTHERS CONSTRUCTION,Single,Kanata,PLUMBING ONLY - Install a protective plumbing device on the building drain,0,0,0,1400803,Construction,2014-02-26
82,SEABROOKE DR,K2L 2K5,Ward 23,m-222,1514,TWO BROTHERS CONSTRUCTION,Single,Kanata,PLUMBING ONLY - Install a protective plumbing device on the building drain,0,0,0,1400804,Construction,2014-02-26
22,MONTEBELLO LANE,K2L 1X6,Ward 23,896,1106,TWO BROTHERS CONSTRUCTION,Single,Kanata,PLUMBING ONLY - Install a protective plumbing device on the building drain,0,0,0,1400805,Construction,2014-02-26
117,ABBEYHILL DR,K2L 1H4,Ward 23,773,158,TWO BROTHERS CONSTRUCTION,Single,Kanata,PLUMBING ONLY- Install a protective Plumbing device on the building drain,0,0,0,1400806,Construction,2014-02-26
86,MERRITT AVE,K1S 0J6,Ward 17,242262,19,***CONTRACTOR***,Single,Old Ottawa,Construct a 2nd storey addition and 2 storey addition at the rear of a 1 storey detached dwelling,0,248678,3450,1400807,Construction,2014-02-26
69,SHOULDICE CRES,K2L 1M8,Ward 23,879 W,675,TWO BROTHERS CONSTRUCTION,Single,Kanata,PLUMBING ONLY - Install a protective plumbing device on the building drain,0,0,0,1400808,Construction,2014-02-26
268,TRAILGATE ST,K1V 0Z7,Ward 22,4M-1349,77,RICHCRAFT HOMES LIMITED,Single,Gloucester,Construct a 2 storey detached dwelling,1,584304,3931,1400809,Construction,2014-02-26
153,BALFOUR AVE,K1G 0H1,Ward 18,4M-561,55,***CONTRACTOR***,Single,Old Ottawa,Interior/Exterior alterations to a 1 1/2 storey detached dwelling,0,15000,200,1400810,Construction,2014-02-26
10,MERGANSER ST,K1K 4T7,Ward 13,4M-1120,5,CONTRACTOR UNKNOWN,Single,Old Ottawa,"Install solar panels on a 2 storey detached dwelling (roof, photovoltaic)",0,7000,50,1400811,Construction,2014-02-26
71,SHOULDICE CRES,K2L 1M8,Ward 23,879 E,675,TWO BROTHERS CONSTRUCTION,Single,Kanata,PLUMBING ONLY - Instal a protective plumbing device on the building drain,0,0,0,1400812,Construction,2014-02-26
6357,ROSLYN AVE,K1C 2Z9,Ward 1,4M-1105,5,U & I BUILDERS LTD.,Single,Gloucester,Construct a 2nd storey addition to a 1 storey detached dwelling,0,202150,1360,1400813,Construction,2014-02-26
1877,MERIVALE RD,K2G 1E5,Ward 9,382,PT LOTS 75 TO 78,2054169 ONTARIO INC.,Mixed,Nepean,"Exterior alterations to a 2 storey mixed use buidling (replace front facade, windows & doors)",0,25000,900,1400814,Construction,2014-02-26
153,WESTPHALIAN AVE,K2V 0E3,Ward 6,4M-,30,CARDEL HOMES LIMITED PARTNERSHIP OTTAWA DIVISION,Rowhouse,Goulbourn,Construct a 2 storey block of 4 rowhouse dwellings,4,814844,8390,1400815,Construction,2014-02-26
155,WESTPHALIAN AVE,K2V 0E3,Ward 6,4M-,30,CARDEL HOMES LIMITED PARTNERSHIP OTTAWA DIVISION,Rowhouse,Goulbourn,Construct a 2 storey block of 4 rowhouse dwellings,4,814844,8390,1400815,Construction,2014-02-26
157,WESTPHALIAN AVE,K2V 0E3,Ward 6,4M-,30,CARDEL HOMES LIMITED PARTNERSHIP OTTAWA DIVISION,Rowhouse,Goulbourn,Construct a 2 storey block of 4 rowhouse dwellings,4,814844,8390,1400815,Construction,2014-02-26
159,WESTPHALIAN AVE,K2V 0E3,Ward 6,4M-,30,CARDEL HOMES LIMITED PARTNERSHIP OTTAWA DIVISION,Rowhouse,Goulbourn,Construct a 2 storey block of 4 rowhouse dwellings,4,814844,8390,1400815,Construction,2014-02-26
133,PRINCE ALBERT ST,K1K 1Z9,Ward 13,341,171 pt 172,MR. T PROPERTY MANAGEMENT,Semi - Detached,Old Ottawa,Construct a 3 storey semi-detached dwelling,2,804171,5410,1400816,Construction,2014-02-26
135,PRINCE ALBERT ST,K1K 1Z9,Ward 13,341,171 pt 172,MR. T PROPERTY MANAGEMENT,Semi - Detached,Old Ottawa,Construct a 3 storey semi-detached dwelling,2,804171,5410,1400816,Construction,2014-02-26
135,PRINCE ALBERT ST,K1K 1Z9,Ward 13,341,171 pt 172,CONTRACTOR UNKNOWN,Demolition,Old Ottawa,Demolish a 2 storey detached dwelling,-1,10000,-3000,1400817,Demolition,2014-02-26
608,GOLDEN AVE,K2A 2G1,Ward 15,351,108,***CONTRACTOR***,Single,Old Ottawa,Construct a 2 storey detached dwelling,1,483229,4819,1400818,Construction,2014-02-27
608,GOLDEN AVE,K2A 2G1,Ward 15,351,108,***CONTRACTOR***,Demolition,Old Ottawa,Demolish a 1 storey detached dwelling.,-1,2000,-1250,1400819,Demolition,2014-02-27
933,SOMERSET ST W,K1R 6R8,Ward 14,13,110,STALLION CONSTRUCTION,Single,Old Ottawa,Interior alterations to an existing 2 storey detached dwelling to create a home-based business on the 1st floor and dwelling unit on the 2nd floor,0,80000,1076,1400821,Construction,2014-02-27
524,BROADVIEW AVE,K2A 2L4,Ward 15,374,327,"WEERDENBURG, DON",Single,Old Ottawa,Construct a deck (rear yard),0,5000,420,1400822,Construction,2014-02-27
21,PRITCHARD DR,K2G 1B2,Ward 9,378656,331,***CONTRACTOR***,Single,Nepean,Construct a 1 storey addition to a 2 storey detached dwelling,0,43254,327,1400823,Construction,2014-02-27
25,BALLANTRAE WAY,K2L 1N3,Ward 23,882,791,KANATA RENOVATIONS,Single,Kanata,Interior alterations in a 1 storey detached dwelling (basement),0,6000,60,1400824,Construction,2014-02-27
143,TAPADERO AVE,K2V 0A7,Ward 6,4M1491,188,CARDEL HOMES LIMITED PARTNERSHIP OTTAWA DIVISION,Single,Goulbourn,Construct a 2 Storey Single with attached garage  Model: Berkshire II 2011 A4,1,486796,3275,1400825,Construction,2014-02-27
296,WAVERLEY ST,K2P 0W3,Ward 14,15558,14,RIDEAU VALLEY WOOD WORKS,Duplex,Old Ottawa,Exterior alterations to a 2 storey duplex dwelling (front porch),0,4213,70,1400826,Construction,2014-02-27
1856,MAPLE GROVE RD,,Ward 6,,,TARTAN HOMES CORPORATION,Semi - Detached,Goulbourn,"Construct a 2 Storey Semi - Detached with attached garages  Models: Red Oak 2012,Magnolia G 2011",2,573303,3857,1400827,Construction,2014-02-27
1858,MAPLE GROVE RD,,Ward 6,,,TARTAN HOMES CORPORATION,Semi - Detached,Goulbourn,"Construct a 2 Storey Semi - Detached with attached garages  Models: Red Oak 2012,Magnolia G 2011",2,573303,3857,1400827,Construction,2014-02-27
114,ROSSLAND AVE,K2G 2L1,Ward 8,375,12 to 15,OUELLETTE GENERAL MAINTENANCE,Institutional,Nepean,Interior alterations to insulate the basement in a 2 storey institutional building (Ottawa-Carleton Association with Developmental Disabilities),0,8000,840,1400828,Construction,2014-02-27
222,BEECHWOOD AVE,K1L 8A7,Ward 12,M-25,213 - 216,DOMICILE CONSTRUCTION CORP.,Commercial,Vanier,Construct a 12 storey apartment building with 1st floor retail (see BP# 1304838 for EXCAVATION ONLY permit and 1307315 for FOUNDATION ONLY permit),128,21595738,153994,1400829,Construction,2014-02-27
1435,CYRVILLE RD,K1B 3L7,Ward 11,,pt 24 25,B.M.I. CONSTRUCTION COMPANY LIMITED,Retail,Gloucester,Interior alterations in a 1 storey warehouse/distributiion centre (Cash & Carry),0,250000,4750,1400830,Construction,2014-02-27
275,SLATER ST,K1P 5H9,Ward 14,3922,27-31,M&M INTERIOR CONTRACTING,Commercial,Old Ottawa,Tenant fit-up on the 15th floor of a 20 storey office building (Cache Consulting),0,82000,1708,1400831,Construction,2014-02-27
145,MILLGREEN CRES,K1J 1K4,Ward 11,4M1210,16,M.C.I. POOLS,Single,Gloucester,Install an enclosure for an inground pool (rear yard),0,0,0,1400832,Pool Enclosure,2014-02-27
20,AIRBUS PRIV,,Ward 10,,PT LOT 11 & 12,PWGSC,Other,Gloucester,"Interior alterations to a 1 storey training facility (Ottawa MacDonald Cartier Airport, building 0-276)",0,244000,2282,1400833,Construction,2014-02-27
147,FARADAY ST,K1Y 3M3,Ward 15,4M-48,2325,CONTRACTOR UNKNOWN,Single,Old Ottawa,Interior alterations on the 1st and 2nd floor of a 2 storey detached dwelling (Change staircase location & alter kitchen layout),0,68000,918,1400834,Construction,2014-02-27
377,BRETTONWOOD RIDGE,,Ward 4,,49,MINTO COMMUNITIES INC.,Single,Kanata,Construct a 2 Storey Single with attached garage  Model: Hathaway 4 2007 C,1,321211,2161,1400835,Construction,2014-02-27
88,THIRD AVE,K1S 2J8,Ward 17,35085,30,***CONTRACTOR***,Single,Old Ottawa,Interior alterations on all floors of a 2 storey detached dwelling,0,25000,323,1400836,Construction,2014-02-27
956,SHAMIR AVE,K1G 2T2,Ward 18,728,582 583,MAIN RENOVATIONS,Single,Old Ottawa,Interior alterations to remove a non-load bearing wall (kitchen),0,2000,5,1400837,Construction,2014-02-28
97,DE LA COTE-DES-NEIGES RD,K2G 2C9,Ward 8,375,1213 to 1216,URBAN EDGE DEVELOPMENTS,Demolition,Nepean,Demolition of a 1 storey detached dwelling,-1,5000,-1000,1400839,Demolition,2014-02-28
2241,DES GRANDS CHAMPS,K1W 1K1,Ward 2,4M-1061,41,OAKWOOD BUILDERS,Single,Gloucester,Interior alterations on the 1st and 2nd floors of a 2 storey detached dwelling (kitchen and bathrooms),0,10000,1829,1400842,Construction,2014-02-28
2220,BOWMAN RD,K1H 6V5,Ward 18,820,39,OAKWOOD BUILDERS,Single,Old Ottawa,Interior renovations to kitchen and second floor laundry,0,10000,420,1400843,Construction,2014-02-28
903,CHALEUR WAY,K1C 2R9,Ward 1,M215,94,OAKWOOD BUILDERS,Single,Gloucester,Interior alterations to kitchen and 2nd floor bathroom,0,5000,194,1400844,Construction,2014-02-28
159,LONGSHIRE CIR,K2J 4L2,Ward 3,4M851,22 23,OAKWOOD BUILDERS,Single,Nepean,Interior alterations to kitchen and 2nd floor bathroom,0,5500,135,1400845,Construction,2014-02-28
3091,STRANDHERD DR,K2G 4R9,Ward 22,4M-,,"GIFFIN, CHRIS",Retail,Nepean,Tenant fit-up in a storey mall - Unit 5 - Chiropractic & Wellness Clinic,0,30000,1600,1400846,Construction,2014-02-28
190,COLONNADE RD S,K2E 7J5,Ward 9,,pt 29,BASSI CONSTRUCTION LTD,Office,Nepean,Repair fire damage in a 2 storey office building,0,600000,10548,1400847,Construction,2014-02-28
1678,REGIONAL ROAD 174,K4C 0A1,Ward 19,,23,***CONTRACTOR***,Single,Cumberland,Construct a 1 storey detached dwelling on an existing foundation,1,339920,4856,1400848,Construction,2014-02-28
4600,HIGH RD,K1X 1B3,Ward 20,,21,***CONTRACTOR***,Single,Gloucester,Construct a 2 storey detached dwelling,1,150394,1012,1400849,Construction,2014-02-28
254,LONGFIELDS DR,K2J 5Y7,Ward 3,,18,MONARCH CORPORATION,Rowhouse,Nepean,"Construct a block of 4, 2 storey rowhouses with detached garages",4,854940,8557,1400850,Construction,2014-02-28
256,LONGFIELDS DR,K2J 5Y7,Ward 3,,18,MONARCH CORPORATION,Rowhouse,Nepean,"Construct a block of 4, 2 storey rowhouses with detached garages",4,854940,8557,1400850,Construction,2014-02-28
258,LONGFIELDS DR,K2J 5Y7,Ward 3,,18,MONARCH CORPORATION,Rowhouse,Nepean,"Construct a block of 4, 2 storey rowhouses with detached garages",4,854940,8557,1400850,Construction,2014-02-28
260,LONGFIELDS DR,K2J 5Y7,Ward 3,,18,MONARCH CORPORATION,Rowhouse,Nepean,"Construct a block of 4, 2 storey rowhouses with detached garages",4,854940,8557,1400850,Construction,2014-02-28
184,KINCARDINE DR,K2V 1C5,Ward 23,4M-1081,,TWO BROTHERS CONSTRUCTION,Single,Kanata,PLUMBING ONLY - Install a protective plumbing device on the building drain,0,0,0,1400851,Construction,2014-02-28
1141,COBBLE HILL DR,K2J 5X7,Ward 3,,PT 20,HABITAT FOR HUMANITY - NCR,Single,Nepean,Construct a 2 storey detached dwelling (Habitat for Humanity),1,266512,1793,1400852,Construction,2014-02-28
56,STRATHCONA AVE,K1S 1X4,Ward 17,4M-53786,PT LOT 24,SHERWOOD HOME IMPROVEMENTS,Semi - Detached,Old Ottawa,Interior alterations on the 1st floor of a 2 storey semi-detached dwelling (Renovate dining room and kitchen),0,15000,861,1400854,Construction,2014-02-28
144,COUNTRY LANE W,K2L 1J7,Ward 23,809,312,TWO BROTHERS CONSTRUCTION,Single,Kanata,PLUMBING ONLY - Install a protective plumbing device on the building drain,0,0,0,1400855,Construction,2014-02-28
73,LEIKIN DR,,Ward 22,,,MINTO COMMERCIAL PROPERTIES INC,Office,Nepean,Interior alterations on the 2nd floor of a 4 storey office building,0,54660,388,1400856,Construction,2014-02-28
